[2026-03-07T14:55:49.337+0000] {processor.py:161} INFO - Started process (PID=57) to work on /opt/airflow/dags/playlist_pipeline_dag.py
[2026-03-07T14:55:49.348+0000] {processor.py:830} INFO - Processing file /opt/airflow/dags/playlist_pipeline_dag.py for tasks to queue
[2026-03-07T14:55:49.359+0000] {logging_mixin.py:188} INFO - [2026-03-07T14:55:49.353+0000] {dagbag.py:538} INFO - Filling up the DagBag from /opt/airflow/dags/playlist_pipeline_dag.py
[2026-03-07T14:55:52.620+0000] {processor.py:840} INFO - DAG(s) 'playlist_pipeline' retrieved from /opt/airflow/dags/playlist_pipeline_dag.py
[2026-03-07T14:55:53.145+0000] {logging_mixin.py:188} INFO - [2026-03-07T14:55:53.131+0000] {override.py:1769} INFO - Created Permission View: can delete on DAG:playlist_pipeline
[2026-03-07T14:55:53.231+0000] {logging_mixin.py:188} INFO - [2026-03-07T14:55:53.230+0000] {override.py:1769} INFO - Created Permission View: can edit on DAG:playlist_pipeline
[2026-03-07T14:55:53.319+0000] {logging_mixin.py:188} INFO - [2026-03-07T14:55:53.317+0000] {override.py:1769} INFO - Created Permission View: can read on DAG:playlist_pipeline
[2026-03-07T14:55:53.321+0000] {logging_mixin.py:188} INFO - [2026-03-07T14:55:53.320+0000] {dag.py:3036} INFO - Sync 1 DAGs
[2026-03-07T14:55:53.359+0000] {logging_mixin.py:188} INFO - [2026-03-07T14:55:53.359+0000] {dag.py:3058} INFO - Creating ORM DAG for playlist_pipeline
[2026-03-07T14:55:53.850+0000] {logging_mixin.py:188} INFO - [2026-03-07T14:55:53.833+0000] {dag.py:3823} INFO - Setting next_dagrun for playlist_pipeline to 2026-03-06 00:00:00+00:00, run_after=2026-03-07 00:00:00+00:00
[2026-03-07T14:55:54.111+0000] {processor.py:183} INFO - Processing /opt/airflow/dags/playlist_pipeline_dag.py took 4.797 seconds
[2026-03-07T14:56:32.155+0000] {processor.py:161} INFO - Started process (PID=67) to work on /opt/airflow/dags/playlist_pipeline_dag.py
[2026-03-07T14:56:32.190+0000] {processor.py:830} INFO - Processing file /opt/airflow/dags/playlist_pipeline_dag.py for tasks to queue
[2026-03-07T14:56:32.242+0000] {logging_mixin.py:188} INFO - [2026-03-07T14:56:32.201+0000] {dagbag.py:538} INFO - Filling up the DagBag from /opt/airflow/dags/playlist_pipeline_dag.py
[2026-03-07T14:56:36.328+0000] {processor.py:840} INFO - DAG(s) 'playlist_pipeline' retrieved from /opt/airflow/dags/playlist_pipeline_dag.py
[2026-03-07T14:56:36.486+0000] {logging_mixin.py:188} INFO - [2026-03-07T14:56:36.480+0000] {dag.py:3036} INFO - Sync 1 DAGs
[2026-03-07T14:56:36.593+0000] {logging_mixin.py:188} INFO - [2026-03-07T14:56:36.593+0000] {dag.py:3823} INFO - Setting next_dagrun for playlist_pipeline to 2026-03-06 00:00:00+00:00, run_after=2026-03-07 00:00:00+00:00
[2026-03-07T14:56:36.896+0000] {processor.py:183} INFO - Processing /opt/airflow/dags/playlist_pipeline_dag.py took 6.992 seconds
[2026-03-07T14:57:23.440+0000] {processor.py:161} INFO - Started process (PID=69) to work on /opt/airflow/dags/playlist_pipeline_dag.py
[2026-03-07T14:57:23.454+0000] {processor.py:830} INFO - Processing file /opt/airflow/dags/playlist_pipeline_dag.py for tasks to queue
[2026-03-07T14:57:23.475+0000] {logging_mixin.py:188} INFO - [2026-03-07T14:57:23.459+0000] {dagbag.py:538} INFO - Filling up the DagBag from /opt/airflow/dags/playlist_pipeline_dag.py
[2026-03-07T14:57:40.410+0000] {processor.py:840} INFO - DAG(s) 'playlist_pipeline' retrieved from /opt/airflow/dags/playlist_pipeline_dag.py
[2026-03-07T14:57:40.765+0000] {logging_mixin.py:188} INFO - [2026-03-07T14:57:40.762+0000] {dag.py:3036} INFO - Sync 1 DAGs
[2026-03-07T14:57:41.430+0000] {logging_mixin.py:188} INFO - [2026-03-07T14:57:41.428+0000] {dag.py:3823} INFO - Setting next_dagrun for playlist_pipeline to 2026-03-06 00:00:00+00:00, run_after=2026-03-07 00:00:00+00:00
[2026-03-07T14:57:43.519+0000] {processor.py:183} INFO - Processing /opt/airflow/dags/playlist_pipeline_dag.py took 20.286 seconds
[2026-03-07T14:58:14.976+0000] {processor.py:161} INFO - Started process (PID=71) to work on /opt/airflow/dags/playlist_pipeline_dag.py
[2026-03-07T14:58:14.980+0000] {processor.py:830} INFO - Processing file /opt/airflow/dags/playlist_pipeline_dag.py for tasks to queue
[2026-03-07T14:58:14.990+0000] {logging_mixin.py:188} INFO - [2026-03-07T14:58:14.982+0000] {dagbag.py:538} INFO - Filling up the DagBag from /opt/airflow/dags/playlist_pipeline_dag.py
[2026-03-07T14:58:16.378+0000] {processor.py:840} INFO - DAG(s) 'playlist_pipeline' retrieved from /opt/airflow/dags/playlist_pipeline_dag.py
[2026-03-07T14:58:16.458+0000] {logging_mixin.py:188} INFO - [2026-03-07T14:58:16.457+0000] {dag.py:3036} INFO - Sync 1 DAGs
[2026-03-07T14:58:16.512+0000] {logging_mixin.py:188} INFO - [2026-03-07T14:58:16.511+0000] {dag.py:3823} INFO - Setting next_dagrun for playlist_pipeline to 2026-03-06 00:00:00+00:00, run_after=2026-03-07 00:00:00+00:00
[2026-03-07T14:58:16.647+0000] {processor.py:183} INFO - Processing /opt/airflow/dags/playlist_pipeline_dag.py took 1.681 seconds
[2026-03-07T14:59:34.205+0000] {processor.py:161} INFO - Started process (PID=73) to work on /opt/airflow/dags/playlist_pipeline_dag.py
[2026-03-07T14:59:34.221+0000] {processor.py:830} INFO - Processing file /opt/airflow/dags/playlist_pipeline_dag.py for tasks to queue
[2026-03-07T14:59:34.242+0000] {logging_mixin.py:188} INFO - [2026-03-07T14:59:34.226+0000] {dagbag.py:538} INFO - Filling up the DagBag from /opt/airflow/dags/playlist_pipeline_dag.py
[2026-03-07T14:59:36.385+0000] {processor.py:840} INFO - DAG(s) 'playlist_pipeline' retrieved from /opt/airflow/dags/playlist_pipeline_dag.py
[2026-03-07T14:59:36.572+0000] {logging_mixin.py:188} INFO - [2026-03-07T14:59:36.560+0000] {dag.py:3036} INFO - Sync 1 DAGs
[2026-03-07T14:59:36.792+0000] {logging_mixin.py:188} INFO - [2026-03-07T14:59:36.775+0000] {dag.py:3823} INFO - Setting next_dagrun for playlist_pipeline to 2026-03-06 00:00:00+00:00, run_after=2026-03-07 00:00:00+00:00
[2026-03-07T14:59:37.162+0000] {processor.py:183} INFO - Processing /opt/airflow/dags/playlist_pipeline_dag.py took 3.349 seconds
[2026-03-07T15:00:07.917+0000] {processor.py:161} INFO - Started process (PID=75) to work on /opt/airflow/dags/playlist_pipeline_dag.py
[2026-03-07T15:00:07.921+0000] {processor.py:830} INFO - Processing file /opt/airflow/dags/playlist_pipeline_dag.py for tasks to queue
[2026-03-07T15:00:07.934+0000] {logging_mixin.py:188} INFO - [2026-03-07T15:00:07.924+0000] {dagbag.py:538} INFO - Filling up the DagBag from /opt/airflow/dags/playlist_pipeline_dag.py
[2026-03-07T15:00:11.810+0000] {processor.py:840} INFO - DAG(s) 'playlist_pipeline' retrieved from /opt/airflow/dags/playlist_pipeline_dag.py
[2026-03-07T15:00:12.167+0000] {logging_mixin.py:188} INFO - [2026-03-07T15:00:12.134+0000] {dag.py:3036} INFO - Sync 1 DAGs
[2026-03-07T15:00:12.527+0000] {logging_mixin.py:188} INFO - [2026-03-07T15:00:12.513+0000] {dag.py:3823} INFO - Setting next_dagrun for playlist_pipeline to 2026-03-06 00:00:00+00:00, run_after=2026-03-07 00:00:00+00:00
[2026-03-07T15:00:13.234+0000] {processor.py:183} INFO - Processing /opt/airflow/dags/playlist_pipeline_dag.py took 5.327 seconds
[2026-03-07T15:16:30.293+0000] {processor.py:161} INFO - Started process (PID=60) to work on /opt/airflow/dags/playlist_pipeline_dag.py
[2026-03-07T15:16:30.300+0000] {processor.py:830} INFO - Processing file /opt/airflow/dags/playlist_pipeline_dag.py for tasks to queue
[2026-03-07T15:16:30.310+0000] {logging_mixin.py:188} INFO - [2026-03-07T15:16:30.303+0000] {dagbag.py:538} INFO - Filling up the DagBag from /opt/airflow/dags/playlist_pipeline_dag.py
[2026-03-07T15:18:24.882+0000] {logging_mixin.py:188} INFO - [2026-03-07T15:18:24.855+0000] {timeout.py:68} ERROR - Process timed out, PID: 60
[2026-03-07T15:18:24.954+0000] {logging_mixin.py:188} INFO - [2026-03-07T15:18:24.886+0000] {dagbag.py:348} ERROR - Failed to import: /opt/airflow/dags/playlist_pipeline_dag.py
Traceback (most recent call last):
  File "/home/airflow/.local/lib/python3.8/site-packages/airflow/models/dagbag.py", line 344, in parse
    loader.exec_module(new_module)
  File "<frozen importlib._bootstrap_external>", line 843, in exec_module
  File "<frozen importlib._bootstrap>", line 219, in _call_with_frames_removed
  File "/opt/airflow/dags/playlist_pipeline_dag.py", line 8, in <module>
    from main import run_pipeline
  File "/opt/airflow/main.py", line 1, in <module>
    from src.extract import fetch_playlist_data
  File "/opt/airflow/src/extract.py", line 2, in <module>
    import pandas as pd
  File "/home/airflow/.local/lib/python3.8/site-packages/pandas/__init__.py", line 22, in <module>
    from pandas.compat import is_numpy_dev as _is_numpy_dev  # pyright: ignore # noqa:F401
  File "/home/airflow/.local/lib/python3.8/site-packages/pandas/compat/__init__.py", line 29, in <module>
    from pandas.compat.pyarrow import (
  File "/home/airflow/.local/lib/python3.8/site-packages/pandas/compat/pyarrow.py", line 8, in <module>
    import pyarrow as pa
  File "/home/airflow/.local/lib/python3.8/site-packages/pyarrow/__init__.py", line 65, in <module>
    import pyarrow.lib as _lib
  File "<frozen importlib._bootstrap>", line 389, in parent
  File "/home/airflow/.local/lib/python3.8/site-packages/airflow/utils/timeout.py", line 69, in handle_timeout
    raise AirflowTaskTimeout(self.error_message)
airflow.exceptions.AirflowTaskTimeout: DagBag import timeout for /opt/airflow/dags/playlist_pipeline_dag.py after 30.0s.
Please take a look at these docs to improve your DAG import time:
* https://airflow.apache.org/docs/apache-airflow/2.8.1/best-practices.html#top-level-python-code
* https://airflow.apache.org/docs/apache-airflow/2.8.1/best-practices.html#reducing-dag-complexity, PID: 60
[2026-03-07T15:18:24.958+0000] {processor.py:842} WARNING - No viable dags retrieved from /opt/airflow/dags/playlist_pipeline_dag.py
[2026-03-07T15:18:25.279+0000] {processor.py:183} INFO - Processing /opt/airflow/dags/playlist_pipeline_dag.py took 114.996 seconds
[2026-03-07T15:18:55.807+0000] {processor.py:161} INFO - Started process (PID=63) to work on /opt/airflow/dags/playlist_pipeline_dag.py
[2026-03-07T15:18:55.814+0000] {processor.py:830} INFO - Processing file /opt/airflow/dags/playlist_pipeline_dag.py for tasks to queue
[2026-03-07T15:18:55.822+0000] {logging_mixin.py:188} INFO - [2026-03-07T15:18:55.816+0000] {dagbag.py:538} INFO - Filling up the DagBag from /opt/airflow/dags/playlist_pipeline_dag.py
[2026-03-07T15:18:57.275+0000] {processor.py:840} INFO - DAG(s) 'playlist_pipeline' retrieved from /opt/airflow/dags/playlist_pipeline_dag.py
[2026-03-07T15:18:57.768+0000] {logging_mixin.py:188} INFO - [2026-03-07T15:18:57.761+0000] {dag.py:3036} INFO - Sync 1 DAGs
[2026-03-07T15:18:57.847+0000] {logging_mixin.py:188} INFO - [2026-03-07T15:18:57.842+0000] {dag.py:3823} INFO - Setting next_dagrun for playlist_pipeline to 2026-03-06 00:00:00+00:00, run_after=2026-03-07 00:00:00+00:00
[2026-03-07T15:18:58.393+0000] {processor.py:183} INFO - Processing /opt/airflow/dags/playlist_pipeline_dag.py took 2.604 seconds
[2026-03-07T15:19:34.747+0000] {processor.py:161} INFO - Started process (PID=65) to work on /opt/airflow/dags/playlist_pipeline_dag.py
[2026-03-07T15:19:34.750+0000] {processor.py:830} INFO - Processing file /opt/airflow/dags/playlist_pipeline_dag.py for tasks to queue
[2026-03-07T15:19:34.771+0000] {logging_mixin.py:188} INFO - [2026-03-07T15:19:34.752+0000] {dagbag.py:538} INFO - Filling up the DagBag from /opt/airflow/dags/playlist_pipeline_dag.py
[2026-03-07T15:19:36.790+0000] {processor.py:840} INFO - DAG(s) 'playlist_pipeline' retrieved from /opt/airflow/dags/playlist_pipeline_dag.py
[2026-03-07T15:19:36.907+0000] {logging_mixin.py:188} INFO - [2026-03-07T15:19:36.902+0000] {dag.py:3036} INFO - Sync 1 DAGs
[2026-03-07T15:19:36.988+0000] {logging_mixin.py:188} INFO - [2026-03-07T15:19:36.985+0000] {dag.py:3823} INFO - Setting next_dagrun for playlist_pipeline to 2026-03-06 00:00:00+00:00, run_after=2026-03-07 00:00:00+00:00
[2026-03-07T15:19:37.200+0000] {processor.py:183} INFO - Processing /opt/airflow/dags/playlist_pipeline_dag.py took 4.709 seconds
[2026-03-07T15:20:40.802+0000] {processor.py:161} INFO - Started process (PID=67) to work on /opt/airflow/dags/playlist_pipeline_dag.py
[2026-03-07T15:20:40.812+0000] {processor.py:830} INFO - Processing file /opt/airflow/dags/playlist_pipeline_dag.py for tasks to queue
[2026-03-07T15:20:40.824+0000] {logging_mixin.py:188} INFO - [2026-03-07T15:20:40.815+0000] {dagbag.py:538} INFO - Filling up the DagBag from /opt/airflow/dags/playlist_pipeline_dag.py
[2026-03-07T15:21:05.622+0000] {processor.py:840} INFO - DAG(s) 'playlist_pipeline' retrieved from /opt/airflow/dags/playlist_pipeline_dag.py
[2026-03-07T15:21:06.203+0000] {logging_mixin.py:188} INFO - [2026-03-07T15:21:06.166+0000] {dag.py:3036} INFO - Sync 1 DAGs
[2026-03-07T15:21:07.957+0000] {logging_mixin.py:188} INFO - [2026-03-07T15:21:07.734+0000] {dag.py:3823} INFO - Setting next_dagrun for playlist_pipeline to 2026-03-06 00:00:00+00:00, run_after=2026-03-07 00:00:00+00:00
[2026-03-07T15:21:23.852+0000] {processor.py:183} INFO - Processing /opt/airflow/dags/playlist_pipeline_dag.py took 42.982 seconds
[2026-03-07T15:22:04.565+0000] {processor.py:161} INFO - Started process (PID=69) to work on /opt/airflow/dags/playlist_pipeline_dag.py
[2026-03-07T15:22:04.569+0000] {processor.py:830} INFO - Processing file /opt/airflow/dags/playlist_pipeline_dag.py for tasks to queue
[2026-03-07T15:22:04.577+0000] {logging_mixin.py:188} INFO - [2026-03-07T15:22:04.571+0000] {dagbag.py:538} INFO - Filling up the DagBag from /opt/airflow/dags/playlist_pipeline_dag.py
[2026-03-07T15:22:06.298+0000] {processor.py:840} INFO - DAG(s) 'playlist_pipeline' retrieved from /opt/airflow/dags/playlist_pipeline_dag.py
[2026-03-07T15:22:06.440+0000] {logging_mixin.py:188} INFO - [2026-03-07T15:22:06.434+0000] {dag.py:3036} INFO - Sync 1 DAGs
[2026-03-07T15:22:06.511+0000] {logging_mixin.py:188} INFO - [2026-03-07T15:22:06.511+0000] {dag.py:3823} INFO - Setting next_dagrun for playlist_pipeline to 2026-03-06 00:00:00+00:00, run_after=2026-03-07 00:00:00+00:00
[2026-03-07T15:22:06.670+0000] {processor.py:183} INFO - Processing /opt/airflow/dags/playlist_pipeline_dag.py took 2.115 seconds
[2026-03-07T15:22:37.565+0000] {processor.py:161} INFO - Started process (PID=71) to work on /opt/airflow/dags/playlist_pipeline_dag.py
[2026-03-07T15:22:37.568+0000] {processor.py:830} INFO - Processing file /opt/airflow/dags/playlist_pipeline_dag.py for tasks to queue
[2026-03-07T15:22:37.577+0000] {logging_mixin.py:188} INFO - [2026-03-07T15:22:37.570+0000] {dagbag.py:538} INFO - Filling up the DagBag from /opt/airflow/dags/playlist_pipeline_dag.py
[2026-03-07T15:22:39.188+0000] {processor.py:840} INFO - DAG(s) 'playlist_pipeline' retrieved from /opt/airflow/dags/playlist_pipeline_dag.py
[2026-03-07T15:22:39.309+0000] {logging_mixin.py:188} INFO - [2026-03-07T15:22:39.303+0000] {dag.py:3036} INFO - Sync 1 DAGs
[2026-03-07T15:22:39.385+0000] {logging_mixin.py:188} INFO - [2026-03-07T15:22:39.385+0000] {dag.py:3823} INFO - Setting next_dagrun for playlist_pipeline to 2026-03-06 00:00:00+00:00, run_after=2026-03-07 00:00:00+00:00
[2026-03-07T15:22:39.532+0000] {processor.py:183} INFO - Processing /opt/airflow/dags/playlist_pipeline_dag.py took 1.976 seconds
[2026-03-07T15:23:25.028+0000] {processor.py:161} INFO - Started process (PID=73) to work on /opt/airflow/dags/playlist_pipeline_dag.py
[2026-03-07T15:23:25.041+0000] {processor.py:830} INFO - Processing file /opt/airflow/dags/playlist_pipeline_dag.py for tasks to queue
[2026-03-07T15:23:25.058+0000] {logging_mixin.py:188} INFO - [2026-03-07T15:23:25.044+0000] {dagbag.py:538} INFO - Filling up the DagBag from /opt/airflow/dags/playlist_pipeline_dag.py
[2026-03-07T15:23:27.823+0000] {processor.py:840} INFO - DAG(s) 'playlist_pipeline' retrieved from /opt/airflow/dags/playlist_pipeline_dag.py
[2026-03-07T15:23:28.047+0000] {logging_mixin.py:188} INFO - [2026-03-07T15:23:28.040+0000] {dag.py:3036} INFO - Sync 1 DAGs
[2026-03-07T15:23:28.152+0000] {logging_mixin.py:188} INFO - [2026-03-07T15:23:28.151+0000] {dag.py:3823} INFO - Setting next_dagrun for playlist_pipeline to 2026-03-06 00:00:00+00:00, run_after=2026-03-07 00:00:00+00:00
[2026-03-07T15:23:28.343+0000] {processor.py:183} INFO - Processing /opt/airflow/dags/playlist_pipeline_dag.py took 3.376 seconds
[2026-03-07T15:23:59.121+0000] {processor.py:161} INFO - Started process (PID=75) to work on /opt/airflow/dags/playlist_pipeline_dag.py
[2026-03-07T15:23:59.157+0000] {processor.py:830} INFO - Processing file /opt/airflow/dags/playlist_pipeline_dag.py for tasks to queue
[2026-03-07T15:23:59.203+0000] {logging_mixin.py:188} INFO - [2026-03-07T15:23:59.187+0000] {dagbag.py:538} INFO - Filling up the DagBag from /opt/airflow/dags/playlist_pipeline_dag.py
[2026-03-07T15:24:17.718+0000] {processor.py:840} INFO - DAG(s) 'playlist_pipeline' retrieved from /opt/airflow/dags/playlist_pipeline_dag.py
[2026-03-07T15:24:17.839+0000] {logging_mixin.py:188} INFO - [2026-03-07T15:24:17.834+0000] {dag.py:3036} INFO - Sync 1 DAGs
[2026-03-07T15:24:18.033+0000] {logging_mixin.py:188} INFO - [2026-03-07T15:24:18.032+0000] {dag.py:3823} INFO - Setting next_dagrun for playlist_pipeline to 2026-03-06 00:00:00+00:00, run_after=2026-03-07 00:00:00+00:00
[2026-03-07T15:24:18.309+0000] {processor.py:183} INFO - Processing /opt/airflow/dags/playlist_pipeline_dag.py took 19.237 seconds
[2026-03-07T15:25:11.406+0000] {processor.py:161} INFO - Started process (PID=77) to work on /opt/airflow/dags/playlist_pipeline_dag.py
[2026-03-07T15:25:11.418+0000] {processor.py:830} INFO - Processing file /opt/airflow/dags/playlist_pipeline_dag.py for tasks to queue
[2026-03-07T15:25:11.502+0000] {logging_mixin.py:188} INFO - [2026-03-07T15:25:11.447+0000] {dagbag.py:538} INFO - Filling up the DagBag from /opt/airflow/dags/playlist_pipeline_dag.py
[2026-03-07T15:25:15.368+0000] {processor.py:840} INFO - DAG(s) 'playlist_pipeline' retrieved from /opt/airflow/dags/playlist_pipeline_dag.py
[2026-03-07T15:25:15.586+0000] {logging_mixin.py:188} INFO - [2026-03-07T15:25:15.578+0000] {dag.py:3036} INFO - Sync 1 DAGs
[2026-03-07T15:25:15.731+0000] {logging_mixin.py:188} INFO - [2026-03-07T15:25:15.730+0000] {dag.py:3823} INFO - Setting next_dagrun for playlist_pipeline to 2026-03-06 00:00:00+00:00, run_after=2026-03-07 00:00:00+00:00
[2026-03-07T15:25:16.011+0000] {processor.py:183} INFO - Processing /opt/airflow/dags/playlist_pipeline_dag.py took 4.635 seconds
[2026-03-07T15:25:49.134+0000] {processor.py:161} INFO - Started process (PID=79) to work on /opt/airflow/dags/playlist_pipeline_dag.py
[2026-03-07T15:25:49.137+0000] {processor.py:830} INFO - Processing file /opt/airflow/dags/playlist_pipeline_dag.py for tasks to queue
[2026-03-07T15:25:49.144+0000] {logging_mixin.py:188} INFO - [2026-03-07T15:25:49.139+0000] {dagbag.py:538} INFO - Filling up the DagBag from /opt/airflow/dags/playlist_pipeline_dag.py
[2026-03-07T15:25:50.985+0000] {processor.py:840} INFO - DAG(s) 'playlist_pipeline' retrieved from /opt/airflow/dags/playlist_pipeline_dag.py
[2026-03-07T15:25:51.098+0000] {logging_mixin.py:188} INFO - [2026-03-07T15:25:51.097+0000] {dag.py:3036} INFO - Sync 1 DAGs
[2026-03-07T15:25:51.169+0000] {logging_mixin.py:188} INFO - [2026-03-07T15:25:51.168+0000] {dag.py:3823} INFO - Setting next_dagrun for playlist_pipeline to 2026-03-06 00:00:00+00:00, run_after=2026-03-07 00:00:00+00:00
[2026-03-07T15:25:51.314+0000] {processor.py:183} INFO - Processing /opt/airflow/dags/playlist_pipeline_dag.py took 2.188 seconds
[2026-03-07T15:26:25.520+0000] {processor.py:161} INFO - Started process (PID=81) to work on /opt/airflow/dags/playlist_pipeline_dag.py
[2026-03-07T15:26:29.945+0000] {processor.py:830} INFO - Processing file /opt/airflow/dags/playlist_pipeline_dag.py for tasks to queue
[2026-03-07T15:26:36.378+0000] {logging_mixin.py:188} INFO - [2026-03-07T15:26:36.354+0000] {dagbag.py:538} INFO - Filling up the DagBag from /opt/airflow/dags/playlist_pipeline_dag.py
[2026-03-07T15:26:39.464+0000] {processor.py:840} INFO - DAG(s) 'playlist_pipeline' retrieved from /opt/airflow/dags/playlist_pipeline_dag.py
[2026-03-07T15:26:39.677+0000] {logging_mixin.py:188} INFO - [2026-03-07T15:26:39.673+0000] {dag.py:3036} INFO - Sync 1 DAGs
[2026-03-07T15:26:39.799+0000] {logging_mixin.py:188} INFO - [2026-03-07T15:26:39.796+0000] {dag.py:3823} INFO - Setting next_dagrun for playlist_pipeline to 2026-03-06 00:00:00+00:00, run_after=2026-03-07 00:00:00+00:00
[2026-03-07T15:26:40.025+0000] {processor.py:183} INFO - Processing /opt/airflow/dags/playlist_pipeline_dag.py took 17.427 seconds
[2026-03-07T15:27:11.192+0000] {processor.py:161} INFO - Started process (PID=83) to work on /opt/airflow/dags/playlist_pipeline_dag.py
[2026-03-07T15:27:11.200+0000] {processor.py:830} INFO - Processing file /opt/airflow/dags/playlist_pipeline_dag.py for tasks to queue
[2026-03-07T15:27:11.227+0000] {logging_mixin.py:188} INFO - [2026-03-07T15:27:11.216+0000] {dagbag.py:538} INFO - Filling up the DagBag from /opt/airflow/dags/playlist_pipeline_dag.py
[2026-03-07T15:27:13.318+0000] {processor.py:840} INFO - DAG(s) 'playlist_pipeline' retrieved from /opt/airflow/dags/playlist_pipeline_dag.py
[2026-03-07T15:27:13.425+0000] {logging_mixin.py:188} INFO - [2026-03-07T15:27:13.420+0000] {dag.py:3036} INFO - Sync 1 DAGs
[2026-03-07T15:27:13.557+0000] {logging_mixin.py:188} INFO - [2026-03-07T15:27:13.557+0000] {dag.py:3823} INFO - Setting next_dagrun for playlist_pipeline to 2026-03-06 00:00:00+00:00, run_after=2026-03-07 00:00:00+00:00
[2026-03-07T15:27:13.784+0000] {processor.py:183} INFO - Processing /opt/airflow/dags/playlist_pipeline_dag.py took 2.604 seconds
[2026-03-07T15:27:58.663+0000] {processor.py:161} INFO - Started process (PID=85) to work on /opt/airflow/dags/playlist_pipeline_dag.py
[2026-03-07T15:27:58.669+0000] {processor.py:830} INFO - Processing file /opt/airflow/dags/playlist_pipeline_dag.py for tasks to queue
[2026-03-07T15:27:58.679+0000] {logging_mixin.py:188} INFO - [2026-03-07T15:27:58.673+0000] {dagbag.py:538} INFO - Filling up the DagBag from /opt/airflow/dags/playlist_pipeline_dag.py
[2026-03-07T15:28:00.892+0000] {processor.py:840} INFO - DAG(s) 'playlist_pipeline' retrieved from /opt/airflow/dags/playlist_pipeline_dag.py
[2026-03-07T15:28:01.035+0000] {logging_mixin.py:188} INFO - [2026-03-07T15:28:01.031+0000] {dag.py:3036} INFO - Sync 1 DAGs
[2026-03-07T15:28:01.122+0000] {logging_mixin.py:188} INFO - [2026-03-07T15:28:01.116+0000] {dag.py:3823} INFO - Setting next_dagrun for playlist_pipeline to 2026-03-06 00:00:00+00:00, run_after=2026-03-07 00:00:00+00:00
[2026-03-07T15:28:01.281+0000] {processor.py:183} INFO - Processing /opt/airflow/dags/playlist_pipeline_dag.py took 2.625 seconds
[2026-03-07T15:32:45.807+0000] {processor.py:161} INFO - Started process (PID=59) to work on /opt/airflow/dags/playlist_pipeline_dag.py
[2026-03-07T15:32:45.813+0000] {processor.py:830} INFO - Processing file /opt/airflow/dags/playlist_pipeline_dag.py for tasks to queue
[2026-03-07T15:32:45.818+0000] {logging_mixin.py:188} INFO - [2026-03-07T15:32:45.816+0000] {dagbag.py:538} INFO - Filling up the DagBag from /opt/airflow/dags/playlist_pipeline_dag.py
[2026-03-07T15:32:47.397+0000] {processor.py:840} INFO - DAG(s) 'playlist_pipeline' retrieved from /opt/airflow/dags/playlist_pipeline_dag.py
[2026-03-07T15:32:47.424+0000] {logging_mixin.py:188} INFO - [2026-03-07T15:32:47.423+0000] {dag.py:3036} INFO - Sync 1 DAGs
[2026-03-07T15:32:47.499+0000] {logging_mixin.py:188} INFO - [2026-03-07T15:32:47.498+0000] {dag.py:3823} INFO - Setting next_dagrun for playlist_pipeline to 2026-03-06 00:00:00+00:00, run_after=2026-03-07 00:00:00+00:00
[2026-03-07T15:32:47.639+0000] {processor.py:183} INFO - Processing /opt/airflow/dags/playlist_pipeline_dag.py took 1.881 seconds
[2026-03-07T15:34:02.092+0000] {processor.py:161} INFO - Started process (PID=70) to work on /opt/airflow/dags/playlist_pipeline_dag.py
[2026-03-07T15:34:02.104+0000] {processor.py:830} INFO - Processing file /opt/airflow/dags/playlist_pipeline_dag.py for tasks to queue
[2026-03-07T15:34:02.109+0000] {logging_mixin.py:188} INFO - [2026-03-07T15:34:02.106+0000] {dagbag.py:538} INFO - Filling up the DagBag from /opt/airflow/dags/playlist_pipeline_dag.py
[2026-03-07T15:34:05.140+0000] {processor.py:840} INFO - DAG(s) 'playlist_pipeline' retrieved from /opt/airflow/dags/playlist_pipeline_dag.py
[2026-03-07T15:34:06.178+0000] {logging_mixin.py:188} INFO - [2026-03-07T15:34:06.162+0000] {dag.py:3036} INFO - Sync 1 DAGs
[2026-03-07T15:34:06.344+0000] {logging_mixin.py:188} INFO - [2026-03-07T15:34:06.339+0000] {dag.py:3823} INFO - Setting next_dagrun for playlist_pipeline to 2026-03-06 00:00:00+00:00, run_after=2026-03-07 00:00:00+00:00
[2026-03-07T15:34:06.667+0000] {processor.py:183} INFO - Processing /opt/airflow/dags/playlist_pipeline_dag.py took 4.608 seconds
[2026-03-07T15:35:00.064+0000] {processor.py:161} INFO - Started process (PID=72) to work on /opt/airflow/dags/playlist_pipeline_dag.py
[2026-03-07T15:35:00.069+0000] {processor.py:830} INFO - Processing file /opt/airflow/dags/playlist_pipeline_dag.py for tasks to queue
[2026-03-07T15:35:00.125+0000] {logging_mixin.py:188} INFO - [2026-03-07T15:35:00.073+0000] {dagbag.py:538} INFO - Filling up the DagBag from /opt/airflow/dags/playlist_pipeline_dag.py
[2026-03-07T15:35:03.937+0000] {processor.py:840} INFO - DAG(s) 'playlist_pipeline' retrieved from /opt/airflow/dags/playlist_pipeline_dag.py
[2026-03-07T15:35:04.107+0000] {logging_mixin.py:188} INFO - [2026-03-07T15:35:04.102+0000] {dag.py:3036} INFO - Sync 1 DAGs
[2026-03-07T15:35:04.205+0000] {logging_mixin.py:188} INFO - [2026-03-07T15:35:04.203+0000] {dag.py:3823} INFO - Setting next_dagrun for playlist_pipeline to 2026-03-06 00:00:00+00:00, run_after=2026-03-07 00:00:00+00:00
[2026-03-07T15:35:04.653+0000] {processor.py:183} INFO - Processing /opt/airflow/dags/playlist_pipeline_dag.py took 4.616 seconds
[2026-03-07T15:35:35.258+0000] {processor.py:161} INFO - Started process (PID=74) to work on /opt/airflow/dags/playlist_pipeline_dag.py
[2026-03-07T15:35:35.262+0000] {processor.py:830} INFO - Processing file /opt/airflow/dags/playlist_pipeline_dag.py for tasks to queue
[2026-03-07T15:35:35.270+0000] {logging_mixin.py:188} INFO - [2026-03-07T15:35:35.264+0000] {dagbag.py:538} INFO - Filling up the DagBag from /opt/airflow/dags/playlist_pipeline_dag.py
[2026-03-07T15:35:36.918+0000] {processor.py:840} INFO - DAG(s) 'playlist_pipeline' retrieved from /opt/airflow/dags/playlist_pipeline_dag.py
[2026-03-07T15:35:37.061+0000] {logging_mixin.py:188} INFO - [2026-03-07T15:35:37.059+0000] {dag.py:3036} INFO - Sync 1 DAGs
[2026-03-07T15:35:37.163+0000] {logging_mixin.py:188} INFO - [2026-03-07T15:35:37.162+0000] {dag.py:3823} INFO - Setting next_dagrun for playlist_pipeline to 2026-03-06 00:00:00+00:00, run_after=2026-03-07 00:00:00+00:00
[2026-03-07T15:35:37.432+0000] {processor.py:183} INFO - Processing /opt/airflow/dags/playlist_pipeline_dag.py took 2.184 seconds
[2026-03-07T15:36:08.762+0000] {processor.py:161} INFO - Started process (PID=76) to work on /opt/airflow/dags/playlist_pipeline_dag.py
[2026-03-07T15:36:08.767+0000] {processor.py:830} INFO - Processing file /opt/airflow/dags/playlist_pipeline_dag.py for tasks to queue
[2026-03-07T15:36:08.774+0000] {logging_mixin.py:188} INFO - [2026-03-07T15:36:08.768+0000] {dagbag.py:538} INFO - Filling up the DagBag from /opt/airflow/dags/playlist_pipeline_dag.py
[2026-03-07T15:36:10.810+0000] {processor.py:840} INFO - DAG(s) 'playlist_pipeline' retrieved from /opt/airflow/dags/playlist_pipeline_dag.py
[2026-03-07T15:36:10.875+0000] {logging_mixin.py:188} INFO - [2026-03-07T15:36:10.874+0000] {dag.py:3036} INFO - Sync 1 DAGs
[2026-03-07T15:36:10.923+0000] {logging_mixin.py:188} INFO - [2026-03-07T15:36:10.923+0000] {dag.py:3823} INFO - Setting next_dagrun for playlist_pipeline to 2026-03-06 00:00:00+00:00, run_after=2026-03-07 00:00:00+00:00
[2026-03-07T15:36:11.034+0000] {processor.py:183} INFO - Processing /opt/airflow/dags/playlist_pipeline_dag.py took 2.277 seconds
[2026-03-07T15:41:13.931+0000] {processor.py:161} INFO - Started process (PID=60) to work on /opt/airflow/dags/playlist_pipeline_dag.py
[2026-03-07T15:41:13.939+0000] {processor.py:830} INFO - Processing file /opt/airflow/dags/playlist_pipeline_dag.py for tasks to queue
[2026-03-07T15:41:13.954+0000] {logging_mixin.py:188} INFO - [2026-03-07T15:41:13.943+0000] {dagbag.py:538} INFO - Filling up the DagBag from /opt/airflow/dags/playlist_pipeline_dag.py
[2026-03-07T15:41:16.356+0000] {processor.py:840} INFO - DAG(s) 'playlist_pipeline' retrieved from /opt/airflow/dags/playlist_pipeline_dag.py
[2026-03-07T15:41:16.854+0000] {logging_mixin.py:188} INFO - [2026-03-07T15:41:16.853+0000] {dag.py:3036} INFO - Sync 1 DAGs
[2026-03-07T15:41:16.951+0000] {logging_mixin.py:188} INFO - [2026-03-07T15:41:16.949+0000] {dag.py:3823} INFO - Setting next_dagrun for playlist_pipeline to 2026-03-06 00:00:00+00:00, run_after=2026-03-07 00:00:00+00:00
[2026-03-07T15:41:17.150+0000] {processor.py:183} INFO - Processing /opt/airflow/dags/playlist_pipeline_dag.py took 3.261 seconds
[2026-03-07T15:42:00.906+0000] {processor.py:161} INFO - Started process (PID=63) to work on /opt/airflow/dags/playlist_pipeline_dag.py
[2026-03-07T15:42:00.922+0000] {processor.py:830} INFO - Processing file /opt/airflow/dags/playlist_pipeline_dag.py for tasks to queue
[2026-03-07T15:42:00.956+0000] {logging_mixin.py:188} INFO - [2026-03-07T15:42:00.928+0000] {dagbag.py:538} INFO - Filling up the DagBag from /opt/airflow/dags/playlist_pipeline_dag.py
[2026-03-07T15:42:04.514+0000] {processor.py:840} INFO - DAG(s) 'playlist_pipeline' retrieved from /opt/airflow/dags/playlist_pipeline_dag.py
[2026-03-07T15:42:04.645+0000] {logging_mixin.py:188} INFO - [2026-03-07T15:42:04.639+0000] {dag.py:3036} INFO - Sync 1 DAGs
[2026-03-07T15:42:04.751+0000] {logging_mixin.py:188} INFO - [2026-03-07T15:42:04.748+0000] {dag.py:3823} INFO - Setting next_dagrun for playlist_pipeline to 2026-03-06 00:00:00+00:00, run_after=2026-03-07 00:00:00+00:00
[2026-03-07T15:42:04.988+0000] {processor.py:183} INFO - Processing /opt/airflow/dags/playlist_pipeline_dag.py took 4.191 seconds
[2026-03-07T15:42:55.445+0000] {processor.py:161} INFO - Started process (PID=66) to work on /opt/airflow/dags/playlist_pipeline_dag.py
[2026-03-07T15:42:55.458+0000] {processor.py:830} INFO - Processing file /opt/airflow/dags/playlist_pipeline_dag.py for tasks to queue
[2026-03-07T15:42:55.475+0000] {logging_mixin.py:188} INFO - [2026-03-07T15:42:55.462+0000] {dagbag.py:538} INFO - Filling up the DagBag from /opt/airflow/dags/playlist_pipeline_dag.py
[2026-03-07T15:42:58.468+0000] {processor.py:840} INFO - DAG(s) 'playlist_pipeline' retrieved from /opt/airflow/dags/playlist_pipeline_dag.py
[2026-03-07T15:42:58.548+0000] {logging_mixin.py:188} INFO - [2026-03-07T15:42:58.547+0000] {dag.py:3036} INFO - Sync 1 DAGs
[2026-03-07T15:42:58.615+0000] {logging_mixin.py:188} INFO - [2026-03-07T15:42:58.615+0000] {dag.py:3823} INFO - Setting next_dagrun for playlist_pipeline to 2026-03-06 00:00:00+00:00, run_after=2026-03-07 00:00:00+00:00
[2026-03-07T15:42:58.765+0000] {processor.py:183} INFO - Processing /opt/airflow/dags/playlist_pipeline_dag.py took 3.505 seconds
[2026-03-07T15:43:29.475+0000] {processor.py:161} INFO - Started process (PID=68) to work on /opt/airflow/dags/playlist_pipeline_dag.py
[2026-03-07T15:43:29.620+0000] {processor.py:830} INFO - Processing file /opt/airflow/dags/playlist_pipeline_dag.py for tasks to queue
[2026-03-07T15:43:29.925+0000] {logging_mixin.py:188} INFO - [2026-03-07T15:43:29.746+0000] {dagbag.py:538} INFO - Filling up the DagBag from /opt/airflow/dags/playlist_pipeline_dag.py
[2026-03-07T15:43:58.225+0000] {processor.py:840} INFO - DAG(s) 'playlist_pipeline' retrieved from /opt/airflow/dags/playlist_pipeline_dag.py
[2026-03-07T15:43:59.024+0000] {logging_mixin.py:188} INFO - [2026-03-07T15:43:58.977+0000] {dag.py:3036} INFO - Sync 1 DAGs
[2026-03-07T15:43:59.416+0000] {logging_mixin.py:188} INFO - [2026-03-07T15:43:59.415+0000] {dag.py:3823} INFO - Setting next_dagrun for playlist_pipeline to 2026-03-06 00:00:00+00:00, run_after=2026-03-07 00:00:00+00:00
[2026-03-07T15:43:59.936+0000] {processor.py:183} INFO - Processing /opt/airflow/dags/playlist_pipeline_dag.py took 30.553 seconds
[2026-03-07T15:44:30.277+0000] {processor.py:161} INFO - Started process (PID=70) to work on /opt/airflow/dags/playlist_pipeline_dag.py
[2026-03-07T15:44:30.285+0000] {processor.py:830} INFO - Processing file /opt/airflow/dags/playlist_pipeline_dag.py for tasks to queue
[2026-03-07T15:44:30.299+0000] {logging_mixin.py:188} INFO - [2026-03-07T15:44:30.291+0000] {dagbag.py:538} INFO - Filling up the DagBag from /opt/airflow/dags/playlist_pipeline_dag.py
[2026-03-07T15:44:33.154+0000] {processor.py:840} INFO - DAG(s) 'playlist_pipeline' retrieved from /opt/airflow/dags/playlist_pipeline_dag.py
[2026-03-07T15:44:33.481+0000] {logging_mixin.py:188} INFO - [2026-03-07T15:44:33.476+0000] {dag.py:3036} INFO - Sync 1 DAGs
[2026-03-07T15:44:33.762+0000] {logging_mixin.py:188} INFO - [2026-03-07T15:44:33.760+0000] {dag.py:3823} INFO - Setting next_dagrun for playlist_pipeline to 2026-03-06 00:00:00+00:00, run_after=2026-03-07 00:00:00+00:00
[2026-03-07T15:44:34.426+0000] {processor.py:183} INFO - Processing /opt/airflow/dags/playlist_pipeline_dag.py took 4.171 seconds
[2026-03-07T15:45:06.434+0000] {processor.py:161} INFO - Started process (PID=72) to work on /opt/airflow/dags/playlist_pipeline_dag.py
[2026-03-07T15:45:06.451+0000] {processor.py:830} INFO - Processing file /opt/airflow/dags/playlist_pipeline_dag.py for tasks to queue
[2026-03-07T15:45:06.489+0000] {logging_mixin.py:188} INFO - [2026-03-07T15:45:06.458+0000] {dagbag.py:538} INFO - Filling up the DagBag from /opt/airflow/dags/playlist_pipeline_dag.py
[2026-03-07T15:45:40.483+0000] {logging_mixin.py:188} INFO - [2026-03-07T15:45:37.237+0000] {timeout.py:68} ERROR - Process timed out, PID: 72
[2026-03-07T15:46:00.167+0000] {logging_mixin.py:188} INFO - [2026-03-07T15:45:59.532+0000] {dagbag.py:348} ERROR - Failed to import: /opt/airflow/dags/playlist_pipeline_dag.py
Traceback (most recent call last):
  File "/home/airflow/.local/lib/python3.8/site-packages/airflow/models/dagbag.py", line 344, in parse
    loader.exec_module(new_module)
  File "<frozen importlib._bootstrap_external>", line 843, in exec_module
  File "<frozen importlib._bootstrap>", line 219, in _call_with_frames_removed
  File "/opt/airflow/dags/playlist_pipeline_dag.py", line 8, in <module>
    from main import run_pipeline
  File "/opt/airflow/main.py", line 1, in <module>
    from src.extract import fetch_playlist_data
  File "/opt/airflow/src/extract.py", line 2, in <module>
    import pandas as pd
  File "/home/airflow/.local/lib/python3.8/site-packages/pandas/__init__.py", line 22, in <module>
    from pandas.compat import is_numpy_dev as _is_numpy_dev  # pyright: ignore # noqa:F401
  File "/home/airflow/.local/lib/python3.8/site-packages/pandas/compat/__init__.py", line 25, in <module>
    from pandas.compat.numpy import (
  File "/home/airflow/.local/lib/python3.8/site-packages/pandas/compat/numpy/__init__.py", line 4, in <module>
    from pandas.util.version import Version
  File "/home/airflow/.local/lib/python3.8/site-packages/pandas/util/__init__.py", line 2, in <module>
    from pandas.util._decorators import (  # noqa:F401
  File "/home/airflow/.local/lib/python3.8/site-packages/pandas/util/_decorators.py", line 14, in <module>
    from pandas._libs.properties import cache_readonly
  File "/home/airflow/.local/lib/python3.8/site-packages/pandas/_libs/__init__.py", line 13, in <module>
    from pandas._libs.interval import Interval
  File "pandas/_libs/interval.pyx", line 1, in init pandas._libs.interval
  File "pandas/_libs/hashtable.pyx", line 1, in init pandas._libs.hashtable
  File "pandas/_libs/missing.pyx", line 1, in init pandas._libs.missing
  File "/home/airflow/.local/lib/python3.8/site-packages/pandas/_libs/tslibs/__init__.py", line 39, in <module>
    from pandas._libs.tslibs.conversion import localize_pydatetime
  File "pandas/_libs/tslibs/conversion.pyx", line 1, in init pandas._libs.tslibs.conversion
  File "pandas/_libs/tslibs/offsets.pyx", line 1, in init pandas._libs.tslibs.offsets
  File "pandas/_libs/tslibs/timestamps.pyx", line 1, in init pandas._libs.tslibs.timestamps
  File "<frozen importlib._bootstrap>", line 202, in _lock_unlock_module
  File "<frozen importlib._bootstrap>", line 101, in acquire
  File "/home/airflow/.local/lib/python3.8/site-packages/airflow/utils/timeout.py", line 69, in handle_timeout
    raise AirflowTaskTimeout(self.error_message)
airflow.exceptions.AirflowTaskTimeout: DagBag import timeout for /opt/airflow/dags/playlist_pipeline_dag.py after 30.0s.
Please take a look at these docs to improve your DAG import time:
* https://airflow.apache.org/docs/apache-airflow/2.8.1/best-practices.html#top-level-python-code
* https://airflow.apache.org/docs/apache-airflow/2.8.1/best-practices.html#reducing-dag-complexity, PID: 72
[2026-03-07T15:46:00.175+0000] {processor.py:842} WARNING - No viable dags retrieved from /opt/airflow/dags/playlist_pipeline_dag.py
[2026-03-07T15:46:00.869+0000] {processor.py:183} INFO - Processing /opt/airflow/dags/playlist_pipeline_dag.py took 54.510 seconds
[2026-03-07T15:46:48.866+0000] {processor.py:161} INFO - Started process (PID=73) to work on /opt/airflow/dags/playlist_pipeline_dag.py
[2026-03-07T15:46:48.870+0000] {processor.py:830} INFO - Processing file /opt/airflow/dags/playlist_pipeline_dag.py for tasks to queue
[2026-03-07T15:46:48.882+0000] {logging_mixin.py:188} INFO - [2026-03-07T15:46:48.873+0000] {dagbag.py:538} INFO - Filling up the DagBag from /opt/airflow/dags/playlist_pipeline_dag.py
[2026-03-07T15:46:53.860+0000] {processor.py:840} INFO - DAG(s) 'playlist_pipeline' retrieved from /opt/airflow/dags/playlist_pipeline_dag.py
[2026-03-07T15:46:55.198+0000] {logging_mixin.py:188} INFO - [2026-03-07T15:46:55.192+0000] {dag.py:3036} INFO - Sync 1 DAGs
[2026-03-07T15:47:04.961+0000] {logging_mixin.py:188} INFO - [2026-03-07T15:47:04.948+0000] {dag.py:3823} INFO - Setting next_dagrun for playlist_pipeline to 2026-03-06 00:00:00+00:00, run_after=2026-03-07 00:00:00+00:00
[2026-03-07T15:47:05.297+0000] {processor.py:183} INFO - Processing /opt/airflow/dags/playlist_pipeline_dag.py took 16.483 seconds
[2026-03-07T15:47:36.346+0000] {processor.py:161} INFO - Started process (PID=75) to work on /opt/airflow/dags/playlist_pipeline_dag.py
[2026-03-07T15:47:36.351+0000] {processor.py:830} INFO - Processing file /opt/airflow/dags/playlist_pipeline_dag.py for tasks to queue
[2026-03-07T15:47:36.370+0000] {logging_mixin.py:188} INFO - [2026-03-07T15:47:36.358+0000] {dagbag.py:538} INFO - Filling up the DagBag from /opt/airflow/dags/playlist_pipeline_dag.py
[2026-03-07T15:48:06.511+0000] {logging_mixin.py:188} INFO - [2026-03-07T15:48:06.459+0000] {timeout.py:68} ERROR - Process timed out, PID: 75
[2026-03-07T15:48:06.655+0000] {logging_mixin.py:188} INFO - [2026-03-07T15:48:06.527+0000] {dagbag.py:348} ERROR - Failed to import: /opt/airflow/dags/playlist_pipeline_dag.py
Traceback (most recent call last):
  File "/home/airflow/.local/lib/python3.8/site-packages/airflow/models/dagbag.py", line 344, in parse
    loader.exec_module(new_module)
  File "<frozen importlib._bootstrap_external>", line 843, in exec_module
  File "<frozen importlib._bootstrap>", line 219, in _call_with_frames_removed
  File "/opt/airflow/dags/playlist_pipeline_dag.py", line 8, in <module>
    from main import run_pipeline
  File "/opt/airflow/main.py", line 1, in <module>
    from src.extract import fetch_playlist_data
  File "/opt/airflow/src/extract.py", line 2, in <module>
    import pandas as pd
  File "/home/airflow/.local/lib/python3.8/site-packages/pandas/__init__.py", line 141, in <module>
    from pandas.io.api import (
  File "/home/airflow/.local/lib/python3.8/site-packages/pandas/io/api.py", line 6, in <module>
    from pandas.io.excel import (
  File "/home/airflow/.local/lib/python3.8/site-packages/pandas/io/excel/__init__.py", line 1, in <module>
    from pandas.io.excel._base import (
  File "/home/airflow/.local/lib/python3.8/site-packages/pandas/io/excel/_base.py", line 74, in <module>
    from pandas.io.parsers import TextParser
  File "/home/airflow/.local/lib/python3.8/site-packages/pandas/io/parsers/__init__.py", line 1, in <module>
    from pandas.io.parsers.readers import (
  File "/home/airflow/.local/lib/python3.8/site-packages/pandas/io/parsers/readers.py", line 466, in <module>
    class _DeprecationConfig(NamedTuple):
  File "/usr/local/lib/python3.8/typing.py", line 1619, in __new__
    nm_tpl = _make_nmtuple(typename, types.items())
  File "/usr/local/lib/python3.8/typing.py", line 1593, in _make_nmtuple
    types = [(n, _type_check(t, msg)) for n, t in types]
  File "/usr/local/lib/python3.8/typing.py", line 1593, in <listcomp>
    types = [(n, _type_check(t, msg)) for n, t in types]
  File "/usr/local/lib/python3.8/typing.py", line 139, in _type_check
    return ForwardRef(arg)
  File "/usr/local/lib/python3.8/typing.py", line 500, in __init__
    code = compile(arg, '<string>', 'eval')
  File "/home/airflow/.local/lib/python3.8/site-packages/airflow/utils/timeout.py", line 69, in handle_timeout
    raise AirflowTaskTimeout(self.error_message)
airflow.exceptions.AirflowTaskTimeout: DagBag import timeout for /opt/airflow/dags/playlist_pipeline_dag.py after 30.0s.
Please take a look at these docs to improve your DAG import time:
* https://airflow.apache.org/docs/apache-airflow/2.8.1/best-practices.html#top-level-python-code
* https://airflow.apache.org/docs/apache-airflow/2.8.1/best-practices.html#reducing-dag-complexity, PID: 75
[2026-03-07T15:48:06.663+0000] {processor.py:842} WARNING - No viable dags retrieved from /opt/airflow/dags/playlist_pipeline_dag.py
[2026-03-07T15:48:07.291+0000] {processor.py:183} INFO - Processing /opt/airflow/dags/playlist_pipeline_dag.py took 30.987 seconds
[2026-03-07T16:04:40.242+0000] {processor.py:161} INFO - Started process (PID=56) to work on /opt/airflow/dags/playlist_pipeline_dag.py
[2026-03-07T16:04:40.315+0000] {processor.py:830} INFO - Processing file /opt/airflow/dags/playlist_pipeline_dag.py for tasks to queue
[2026-03-07T16:04:40.370+0000] {logging_mixin.py:188} INFO - [2026-03-07T16:04:40.329+0000] {dagbag.py:538} INFO - Filling up the DagBag from /opt/airflow/dags/playlist_pipeline_dag.py
[2026-03-07T16:04:40.814+0000] {logging_mixin.py:188} INFO - [2026-03-07T16:04:40.778+0000] {dagbag.py:348} ERROR - Failed to import: /opt/airflow/dags/playlist_pipeline_dag.py
Traceback (most recent call last):
  File "/home/airflow/.local/lib/python3.8/site-packages/airflow/models/dagbag.py", line 344, in parse
    loader.exec_module(new_module)
  File "<frozen importlib._bootstrap_external>", line 843, in exec_module
  File "<frozen importlib._bootstrap>", line 219, in _call_with_frames_removed
  File "/opt/airflow/dags/playlist_pipeline_dag.py", line 8, in <module>
    from main import run_pipeline
ModuleNotFoundError: No module named 'main'
[2026-03-07T16:04:40.822+0000] {processor.py:842} WARNING - No viable dags retrieved from /opt/airflow/dags/playlist_pipeline_dag.py
[2026-03-07T16:04:41.324+0000] {processor.py:183} INFO - Processing /opt/airflow/dags/playlist_pipeline_dag.py took 4.037 seconds
[2026-03-07T16:05:15.948+0000] {processor.py:161} INFO - Started process (PID=59) to work on /opt/airflow/dags/playlist_pipeline_dag.py
[2026-03-07T16:05:15.963+0000] {processor.py:830} INFO - Processing file /opt/airflow/dags/playlist_pipeline_dag.py for tasks to queue
[2026-03-07T16:05:15.999+0000] {logging_mixin.py:188} INFO - [2026-03-07T16:05:15.971+0000] {dagbag.py:538} INFO - Filling up the DagBag from /opt/airflow/dags/playlist_pipeline_dag.py
[2026-03-07T16:05:16.150+0000] {logging_mixin.py:188} INFO - [2026-03-07T16:05:16.113+0000] {dagbag.py:348} ERROR - Failed to import: /opt/airflow/dags/playlist_pipeline_dag.py
Traceback (most recent call last):
  File "/home/airflow/.local/lib/python3.8/site-packages/airflow/models/dagbag.py", line 344, in parse
    loader.exec_module(new_module)
  File "<frozen importlib._bootstrap_external>", line 843, in exec_module
  File "<frozen importlib._bootstrap>", line 219, in _call_with_frames_removed
  File "/opt/airflow/dags/playlist_pipeline_dag.py", line 8, in <module>
    from main import run_pipeline
ModuleNotFoundError: No module named 'main'
[2026-03-07T16:05:16.154+0000] {processor.py:842} WARNING - No viable dags retrieved from /opt/airflow/dags/playlist_pipeline_dag.py
[2026-03-07T16:05:16.318+0000] {processor.py:183} INFO - Processing /opt/airflow/dags/playlist_pipeline_dag.py took 0.436 seconds
[2026-03-07T16:05:50.948+0000] {processor.py:161} INFO - Started process (PID=74) to work on /opt/airflow/dags/playlist_pipeline_dag.py
[2026-03-07T16:05:50.954+0000] {processor.py:830} INFO - Processing file /opt/airflow/dags/playlist_pipeline_dag.py for tasks to queue
[2026-03-07T16:05:50.992+0000] {logging_mixin.py:188} INFO - [2026-03-07T16:05:50.957+0000] {dagbag.py:538} INFO - Filling up the DagBag from /opt/airflow/dags/playlist_pipeline_dag.py
[2026-03-07T16:05:51.115+0000] {logging_mixin.py:188} INFO - [2026-03-07T16:05:51.078+0000] {dagbag.py:348} ERROR - Failed to import: /opt/airflow/dags/playlist_pipeline_dag.py
Traceback (most recent call last):
  File "/home/airflow/.local/lib/python3.8/site-packages/airflow/models/dagbag.py", line 344, in parse
    loader.exec_module(new_module)
  File "<frozen importlib._bootstrap_external>", line 843, in exec_module
  File "<frozen importlib._bootstrap>", line 219, in _call_with_frames_removed
  File "/opt/airflow/dags/playlist_pipeline_dag.py", line 8, in <module>
    from main import run_pipeline
ModuleNotFoundError: No module named 'main'
[2026-03-07T16:05:51.124+0000] {processor.py:842} WARNING - No viable dags retrieved from /opt/airflow/dags/playlist_pipeline_dag.py
[2026-03-07T16:05:51.315+0000] {processor.py:183} INFO - Processing /opt/airflow/dags/playlist_pipeline_dag.py took 0.406 seconds
[2026-03-07T16:06:29.418+0000] {processor.py:161} INFO - Started process (PID=76) to work on /opt/airflow/dags/playlist_pipeline_dag.py
[2026-03-07T16:06:29.423+0000] {processor.py:830} INFO - Processing file /opt/airflow/dags/playlist_pipeline_dag.py for tasks to queue
[2026-03-07T16:06:29.454+0000] {logging_mixin.py:188} INFO - [2026-03-07T16:06:29.429+0000] {dagbag.py:538} INFO - Filling up the DagBag from /opt/airflow/dags/playlist_pipeline_dag.py
[2026-03-07T16:06:29.601+0000] {logging_mixin.py:188} INFO - [2026-03-07T16:06:29.551+0000] {dagbag.py:348} ERROR - Failed to import: /opt/airflow/dags/playlist_pipeline_dag.py
Traceback (most recent call last):
  File "/home/airflow/.local/lib/python3.8/site-packages/airflow/models/dagbag.py", line 344, in parse
    loader.exec_module(new_module)
  File "<frozen importlib._bootstrap_external>", line 843, in exec_module
  File "<frozen importlib._bootstrap>", line 219, in _call_with_frames_removed
  File "/opt/airflow/dags/playlist_pipeline_dag.py", line 8, in <module>
    from main import run_pipeline
ModuleNotFoundError: No module named 'main'
[2026-03-07T16:06:29.611+0000] {processor.py:842} WARNING - No viable dags retrieved from /opt/airflow/dags/playlist_pipeline_dag.py
[2026-03-07T16:06:29.753+0000] {processor.py:183} INFO - Processing /opt/airflow/dags/playlist_pipeline_dag.py took 0.365 seconds
[2026-03-07T16:07:00.669+0000] {processor.py:161} INFO - Started process (PID=84) to work on /opt/airflow/dags/playlist_pipeline_dag.py
[2026-03-07T16:07:00.677+0000] {processor.py:830} INFO - Processing file /opt/airflow/dags/playlist_pipeline_dag.py for tasks to queue
[2026-03-07T16:07:00.689+0000] {logging_mixin.py:188} INFO - [2026-03-07T16:07:00.681+0000] {dagbag.py:538} INFO - Filling up the DagBag from /opt/airflow/dags/playlist_pipeline_dag.py
[2026-03-07T16:07:00.771+0000] {logging_mixin.py:188} INFO - [2026-03-07T16:07:00.753+0000] {dagbag.py:348} ERROR - Failed to import: /opt/airflow/dags/playlist_pipeline_dag.py
Traceback (most recent call last):
  File "/home/airflow/.local/lib/python3.8/site-packages/airflow/models/dagbag.py", line 344, in parse
    loader.exec_module(new_module)
  File "<frozen importlib._bootstrap_external>", line 843, in exec_module
  File "<frozen importlib._bootstrap>", line 219, in _call_with_frames_removed
  File "/opt/airflow/dags/playlist_pipeline_dag.py", line 8, in <module>
    from main import run_pipeline
ModuleNotFoundError: No module named 'main'
[2026-03-07T16:07:00.775+0000] {processor.py:842} WARNING - No viable dags retrieved from /opt/airflow/dags/playlist_pipeline_dag.py
[2026-03-07T16:07:00.837+0000] {processor.py:183} INFO - Processing /opt/airflow/dags/playlist_pipeline_dag.py took 0.182 seconds
[2026-03-07T16:07:44.756+0000] {processor.py:161} INFO - Started process (PID=85) to work on /opt/airflow/dags/playlist_pipeline_dag.py
[2026-03-07T16:07:44.762+0000] {processor.py:830} INFO - Processing file /opt/airflow/dags/playlist_pipeline_dag.py for tasks to queue
[2026-03-07T16:07:44.792+0000] {logging_mixin.py:188} INFO - [2026-03-07T16:07:44.765+0000] {dagbag.py:538} INFO - Filling up the DagBag from /opt/airflow/dags/playlist_pipeline_dag.py
[2026-03-07T16:07:44.933+0000] {logging_mixin.py:188} INFO - [2026-03-07T16:07:44.914+0000] {dagbag.py:348} ERROR - Failed to import: /opt/airflow/dags/playlist_pipeline_dag.py
Traceback (most recent call last):
  File "/home/airflow/.local/lib/python3.8/site-packages/airflow/models/dagbag.py", line 344, in parse
    loader.exec_module(new_module)
  File "<frozen importlib._bootstrap_external>", line 843, in exec_module
  File "<frozen importlib._bootstrap>", line 219, in _call_with_frames_removed
  File "/opt/airflow/dags/playlist_pipeline_dag.py", line 8, in <module>
    from main import run_pipeline
ModuleNotFoundError: No module named 'main'
[2026-03-07T16:07:44.938+0000] {processor.py:842} WARNING - No viable dags retrieved from /opt/airflow/dags/playlist_pipeline_dag.py
[2026-03-07T16:07:45.013+0000] {processor.py:183} INFO - Processing /opt/airflow/dags/playlist_pipeline_dag.py took 0.282 seconds
[2026-03-07T16:08:29.174+0000] {processor.py:161} INFO - Started process (PID=86) to work on /opt/airflow/dags/playlist_pipeline_dag.py
[2026-03-07T16:08:29.188+0000] {processor.py:830} INFO - Processing file /opt/airflow/dags/playlist_pipeline_dag.py for tasks to queue
[2026-03-07T16:08:29.207+0000] {logging_mixin.py:188} INFO - [2026-03-07T16:08:29.194+0000] {dagbag.py:538} INFO - Filling up the DagBag from /opt/airflow/dags/playlist_pipeline_dag.py
[2026-03-07T16:08:29.361+0000] {logging_mixin.py:188} INFO - [2026-03-07T16:08:29.331+0000] {dagbag.py:348} ERROR - Failed to import: /opt/airflow/dags/playlist_pipeline_dag.py
Traceback (most recent call last):
  File "/home/airflow/.local/lib/python3.8/site-packages/airflow/models/dagbag.py", line 344, in parse
    loader.exec_module(new_module)
  File "<frozen importlib._bootstrap_external>", line 843, in exec_module
  File "<frozen importlib._bootstrap>", line 219, in _call_with_frames_removed
  File "/opt/airflow/dags/playlist_pipeline_dag.py", line 8, in <module>
    from main import run_pipeline
ModuleNotFoundError: No module named 'main'
[2026-03-07T16:08:29.366+0000] {processor.py:842} WARNING - No viable dags retrieved from /opt/airflow/dags/playlist_pipeline_dag.py
[2026-03-07T16:08:29.492+0000] {processor.py:183} INFO - Processing /opt/airflow/dags/playlist_pipeline_dag.py took 0.348 seconds
[2026-03-07T16:10:05.234+0000] {processor.py:161} INFO - Started process (PID=88) to work on /opt/airflow/dags/playlist_pipeline_dag.py
[2026-03-07T16:10:05.237+0000] {processor.py:830} INFO - Processing file /opt/airflow/dags/playlist_pipeline_dag.py for tasks to queue
[2026-03-07T16:10:05.252+0000] {logging_mixin.py:188} INFO - [2026-03-07T16:10:05.241+0000] {dagbag.py:538} INFO - Filling up the DagBag from /opt/airflow/dags/playlist_pipeline_dag.py
[2026-03-07T16:10:05.307+0000] {logging_mixin.py:188} INFO - [2026-03-07T16:10:05.294+0000] {dagbag.py:348} ERROR - Failed to import: /opt/airflow/dags/playlist_pipeline_dag.py
Traceback (most recent call last):
  File "/home/airflow/.local/lib/python3.8/site-packages/airflow/models/dagbag.py", line 344, in parse
    loader.exec_module(new_module)
  File "<frozen importlib._bootstrap_external>", line 843, in exec_module
  File "<frozen importlib._bootstrap>", line 219, in _call_with_frames_removed
  File "/opt/airflow/dags/playlist_pipeline_dag.py", line 8, in <module>
    from main import run_pipeline
ModuleNotFoundError: No module named 'main'
[2026-03-07T16:10:05.311+0000] {processor.py:842} WARNING - No viable dags retrieved from /opt/airflow/dags/playlist_pipeline_dag.py
[2026-03-07T16:10:05.369+0000] {processor.py:183} INFO - Processing /opt/airflow/dags/playlist_pipeline_dag.py took 0.140 seconds
[2026-03-07T16:11:08.174+0000] {processor.py:161} INFO - Started process (PID=89) to work on /opt/airflow/dags/playlist_pipeline_dag.py
[2026-03-07T16:11:08.224+0000] {processor.py:830} INFO - Processing file /opt/airflow/dags/playlist_pipeline_dag.py for tasks to queue
[2026-03-07T16:11:08.310+0000] {logging_mixin.py:188} INFO - [2026-03-07T16:11:08.239+0000] {dagbag.py:538} INFO - Filling up the DagBag from /opt/airflow/dags/playlist_pipeline_dag.py
[2026-03-07T16:11:08.643+0000] {logging_mixin.py:188} INFO - [2026-03-07T16:11:08.617+0000] {dagbag.py:348} ERROR - Failed to import: /opt/airflow/dags/playlist_pipeline_dag.py
Traceback (most recent call last):
  File "/home/airflow/.local/lib/python3.8/site-packages/airflow/models/dagbag.py", line 344, in parse
    loader.exec_module(new_module)
  File "<frozen importlib._bootstrap_external>", line 843, in exec_module
  File "<frozen importlib._bootstrap>", line 219, in _call_with_frames_removed
  File "/opt/airflow/dags/playlist_pipeline_dag.py", line 8, in <module>
    from main import run_pipeline
ModuleNotFoundError: No module named 'main'
[2026-03-07T16:11:08.647+0000] {processor.py:842} WARNING - No viable dags retrieved from /opt/airflow/dags/playlist_pipeline_dag.py
[2026-03-07T16:11:08.991+0000] {processor.py:183} INFO - Processing /opt/airflow/dags/playlist_pipeline_dag.py took 0.965 seconds
[2026-03-07T16:13:42.329+0000] {processor.py:161} INFO - Started process (PID=90) to work on /opt/airflow/dags/playlist_pipeline_dag.py
[2026-03-07T16:13:49.836+0000] {processor.py:830} INFO - Processing file /opt/airflow/dags/playlist_pipeline_dag.py for tasks to queue
[2026-03-07T16:13:57.560+0000] {logging_mixin.py:188} INFO - [2026-03-07T16:13:57.435+0000] {dagbag.py:538} INFO - Filling up the DagBag from /opt/airflow/dags/playlist_pipeline_dag.py
[2026-03-07T16:13:58.451+0000] {logging_mixin.py:188} INFO - [2026-03-07T16:13:58.357+0000] {dagbag.py:348} ERROR - Failed to import: /opt/airflow/dags/playlist_pipeline_dag.py
Traceback (most recent call last):
  File "/home/airflow/.local/lib/python3.8/site-packages/airflow/models/dagbag.py", line 344, in parse
    loader.exec_module(new_module)
  File "<frozen importlib._bootstrap_external>", line 843, in exec_module
  File "<frozen importlib._bootstrap>", line 219, in _call_with_frames_removed
  File "/opt/airflow/dags/playlist_pipeline_dag.py", line 8, in <module>
    from main import run_pipeline
ModuleNotFoundError: No module named 'main'
[2026-03-07T16:13:58.461+0000] {processor.py:842} WARNING - No viable dags retrieved from /opt/airflow/dags/playlist_pipeline_dag.py
[2026-03-07T16:13:59.122+0000] {processor.py:183} INFO - Processing /opt/airflow/dags/playlist_pipeline_dag.py took 23.693 seconds
[2026-03-07T16:14:29.446+0000] {processor.py:161} INFO - Started process (PID=91) to work on /opt/airflow/dags/playlist_pipeline_dag.py
[2026-03-07T16:14:29.455+0000] {processor.py:830} INFO - Processing file /opt/airflow/dags/playlist_pipeline_dag.py for tasks to queue
[2026-03-07T16:14:29.468+0000] {logging_mixin.py:188} INFO - [2026-03-07T16:14:29.461+0000] {dagbag.py:538} INFO - Filling up the DagBag from /opt/airflow/dags/playlist_pipeline_dag.py
[2026-03-07T16:14:29.569+0000] {logging_mixin.py:188} INFO - [2026-03-07T16:14:29.549+0000] {dagbag.py:348} ERROR - Failed to import: /opt/airflow/dags/playlist_pipeline_dag.py
Traceback (most recent call last):
  File "/home/airflow/.local/lib/python3.8/site-packages/airflow/models/dagbag.py", line 344, in parse
    loader.exec_module(new_module)
  File "<frozen importlib._bootstrap_external>", line 843, in exec_module
  File "<frozen importlib._bootstrap>", line 219, in _call_with_frames_removed
  File "/opt/airflow/dags/playlist_pipeline_dag.py", line 8, in <module>
    from main import run_pipeline
ModuleNotFoundError: No module named 'main'
[2026-03-07T16:14:29.575+0000] {processor.py:842} WARNING - No viable dags retrieved from /opt/airflow/dags/playlist_pipeline_dag.py
[2026-03-07T16:14:29.720+0000] {processor.py:183} INFO - Processing /opt/airflow/dags/playlist_pipeline_dag.py took 0.292 seconds
[2026-03-07T16:15:36.991+0000] {processor.py:161} INFO - Started process (PID=92) to work on /opt/airflow/dags/playlist_pipeline_dag.py
[2026-03-07T16:15:36.997+0000] {processor.py:830} INFO - Processing file /opt/airflow/dags/playlist_pipeline_dag.py for tasks to queue
[2026-03-07T16:15:37.006+0000] {logging_mixin.py:188} INFO - [2026-03-07T16:15:36.999+0000] {dagbag.py:538} INFO - Filling up the DagBag from /opt/airflow/dags/playlist_pipeline_dag.py
[2026-03-07T16:15:37.080+0000] {logging_mixin.py:188} INFO - [2026-03-07T16:15:37.057+0000] {dagbag.py:348} ERROR - Failed to import: /opt/airflow/dags/playlist_pipeline_dag.py
Traceback (most recent call last):
  File "/home/airflow/.local/lib/python3.8/site-packages/airflow/models/dagbag.py", line 344, in parse
    loader.exec_module(new_module)
  File "<frozen importlib._bootstrap_external>", line 843, in exec_module
  File "<frozen importlib._bootstrap>", line 219, in _call_with_frames_removed
  File "/opt/airflow/dags/playlist_pipeline_dag.py", line 8, in <module>
    from main import run_pipeline
ModuleNotFoundError: No module named 'main'
[2026-03-07T16:15:37.095+0000] {processor.py:842} WARNING - No viable dags retrieved from /opt/airflow/dags/playlist_pipeline_dag.py
[2026-03-07T16:15:37.151+0000] {processor.py:183} INFO - Processing /opt/airflow/dags/playlist_pipeline_dag.py took 0.170 seconds
[2026-03-07T16:16:08.035+0000] {processor.py:161} INFO - Started process (PID=93) to work on /opt/airflow/dags/playlist_pipeline_dag.py
[2026-03-07T16:16:08.039+0000] {processor.py:830} INFO - Processing file /opt/airflow/dags/playlist_pipeline_dag.py for tasks to queue
[2026-03-07T16:16:08.059+0000] {logging_mixin.py:188} INFO - [2026-03-07T16:16:08.044+0000] {dagbag.py:538} INFO - Filling up the DagBag from /opt/airflow/dags/playlist_pipeline_dag.py
[2026-03-07T16:16:08.131+0000] {logging_mixin.py:188} INFO - [2026-03-07T16:16:08.119+0000] {dagbag.py:348} ERROR - Failed to import: /opt/airflow/dags/playlist_pipeline_dag.py
Traceback (most recent call last):
  File "/home/airflow/.local/lib/python3.8/site-packages/airflow/models/dagbag.py", line 344, in parse
    loader.exec_module(new_module)
  File "<frozen importlib._bootstrap_external>", line 843, in exec_module
  File "<frozen importlib._bootstrap>", line 219, in _call_with_frames_removed
  File "/opt/airflow/dags/playlist_pipeline_dag.py", line 8, in <module>
    from main import run_pipeline
ModuleNotFoundError: No module named 'main'
[2026-03-07T16:16:08.136+0000] {processor.py:842} WARNING - No viable dags retrieved from /opt/airflow/dags/playlist_pipeline_dag.py
[2026-03-07T16:16:08.194+0000] {processor.py:183} INFO - Processing /opt/airflow/dags/playlist_pipeline_dag.py took 0.169 seconds
[2026-03-07T16:16:38.636+0000] {processor.py:161} INFO - Started process (PID=94) to work on /opt/airflow/dags/playlist_pipeline_dag.py
[2026-03-07T16:16:38.642+0000] {processor.py:830} INFO - Processing file /opt/airflow/dags/playlist_pipeline_dag.py for tasks to queue
[2026-03-07T16:16:38.655+0000] {logging_mixin.py:188} INFO - [2026-03-07T16:16:38.645+0000] {dagbag.py:538} INFO - Filling up the DagBag from /opt/airflow/dags/playlist_pipeline_dag.py
[2026-03-07T16:16:38.742+0000] {logging_mixin.py:188} INFO - [2026-03-07T16:16:38.721+0000] {dagbag.py:348} ERROR - Failed to import: /opt/airflow/dags/playlist_pipeline_dag.py
Traceback (most recent call last):
  File "/home/airflow/.local/lib/python3.8/site-packages/airflow/models/dagbag.py", line 344, in parse
    loader.exec_module(new_module)
  File "<frozen importlib._bootstrap_external>", line 843, in exec_module
  File "<frozen importlib._bootstrap>", line 219, in _call_with_frames_removed
  File "/opt/airflow/dags/playlist_pipeline_dag.py", line 8, in <module>
    from main import run_pipeline
ModuleNotFoundError: No module named 'main'
[2026-03-07T16:16:38.747+0000] {processor.py:842} WARNING - No viable dags retrieved from /opt/airflow/dags/playlist_pipeline_dag.py
[2026-03-07T16:16:38.796+0000] {processor.py:183} INFO - Processing /opt/airflow/dags/playlist_pipeline_dag.py took 0.178 seconds
[2026-03-07T16:17:09.659+0000] {processor.py:161} INFO - Started process (PID=95) to work on /opt/airflow/dags/playlist_pipeline_dag.py
[2026-03-07T16:17:09.663+0000] {processor.py:830} INFO - Processing file /opt/airflow/dags/playlist_pipeline_dag.py for tasks to queue
[2026-03-07T16:17:09.670+0000] {logging_mixin.py:188} INFO - [2026-03-07T16:17:09.664+0000] {dagbag.py:538} INFO - Filling up the DagBag from /opt/airflow/dags/playlist_pipeline_dag.py
[2026-03-07T16:17:09.734+0000] {logging_mixin.py:188} INFO - [2026-03-07T16:17:09.719+0000] {dagbag.py:348} ERROR - Failed to import: /opt/airflow/dags/playlist_pipeline_dag.py
Traceback (most recent call last):
  File "/home/airflow/.local/lib/python3.8/site-packages/airflow/models/dagbag.py", line 344, in parse
    loader.exec_module(new_module)
  File "<frozen importlib._bootstrap_external>", line 843, in exec_module
  File "<frozen importlib._bootstrap>", line 219, in _call_with_frames_removed
  File "/opt/airflow/dags/playlist_pipeline_dag.py", line 8, in <module>
    from main import run_pipeline
ModuleNotFoundError: No module named 'main'
[2026-03-07T16:17:09.738+0000] {processor.py:842} WARNING - No viable dags retrieved from /opt/airflow/dags/playlist_pipeline_dag.py
[2026-03-07T16:17:09.784+0000] {processor.py:183} INFO - Processing /opt/airflow/dags/playlist_pipeline_dag.py took 0.131 seconds
[2026-03-07T16:18:19.730+0000] {processor.py:161} INFO - Started process (PID=96) to work on /opt/airflow/dags/playlist_pipeline_dag.py
[2026-03-07T16:18:19.735+0000] {processor.py:830} INFO - Processing file /opt/airflow/dags/playlist_pipeline_dag.py for tasks to queue
[2026-03-07T16:18:19.748+0000] {logging_mixin.py:188} INFO - [2026-03-07T16:18:19.740+0000] {dagbag.py:538} INFO - Filling up the DagBag from /opt/airflow/dags/playlist_pipeline_dag.py
[2026-03-07T16:18:19.833+0000] {logging_mixin.py:188} INFO - [2026-03-07T16:18:19.815+0000] {dagbag.py:348} ERROR - Failed to import: /opt/airflow/dags/playlist_pipeline_dag.py
Traceback (most recent call last):
  File "/home/airflow/.local/lib/python3.8/site-packages/airflow/models/dagbag.py", line 344, in parse
    loader.exec_module(new_module)
  File "<frozen importlib._bootstrap_external>", line 843, in exec_module
  File "<frozen importlib._bootstrap>", line 219, in _call_with_frames_removed
  File "/opt/airflow/dags/playlist_pipeline_dag.py", line 8, in <module>
    from main import run_pipeline
ModuleNotFoundError: No module named 'main'
[2026-03-07T16:18:19.838+0000] {processor.py:842} WARNING - No viable dags retrieved from /opt/airflow/dags/playlist_pipeline_dag.py
[2026-03-07T16:18:19.889+0000] {processor.py:183} INFO - Processing /opt/airflow/dags/playlist_pipeline_dag.py took 0.170 seconds
[2026-03-07T16:18:50.196+0000] {processor.py:161} INFO - Started process (PID=97) to work on /opt/airflow/dags/playlist_pipeline_dag.py
[2026-03-07T16:18:50.199+0000] {processor.py:830} INFO - Processing file /opt/airflow/dags/playlist_pipeline_dag.py for tasks to queue
[2026-03-07T16:18:50.205+0000] {logging_mixin.py:188} INFO - [2026-03-07T16:18:50.201+0000] {dagbag.py:538} INFO - Filling up the DagBag from /opt/airflow/dags/playlist_pipeline_dag.py
[2026-03-07T16:18:50.312+0000] {logging_mixin.py:188} INFO - [2026-03-07T16:18:50.288+0000] {dagbag.py:348} ERROR - Failed to import: /opt/airflow/dags/playlist_pipeline_dag.py
Traceback (most recent call last):
  File "/home/airflow/.local/lib/python3.8/site-packages/airflow/models/dagbag.py", line 344, in parse
    loader.exec_module(new_module)
  File "<frozen importlib._bootstrap_external>", line 843, in exec_module
  File "<frozen importlib._bootstrap>", line 219, in _call_with_frames_removed
  File "/opt/airflow/dags/playlist_pipeline_dag.py", line 8, in <module>
    from main import run_pipeline
ModuleNotFoundError: No module named 'main'
[2026-03-07T16:18:50.323+0000] {processor.py:842} WARNING - No viable dags retrieved from /opt/airflow/dags/playlist_pipeline_dag.py
[2026-03-07T16:18:50.406+0000] {processor.py:183} INFO - Processing /opt/airflow/dags/playlist_pipeline_dag.py took 0.224 seconds
[2026-03-07T16:19:20.512+0000] {processor.py:161} INFO - Started process (PID=98) to work on /opt/airflow/dags/playlist_pipeline_dag.py
[2026-03-07T16:19:20.516+0000] {processor.py:830} INFO - Processing file /opt/airflow/dags/playlist_pipeline_dag.py for tasks to queue
[2026-03-07T16:19:20.524+0000] {logging_mixin.py:188} INFO - [2026-03-07T16:19:20.518+0000] {dagbag.py:538} INFO - Filling up the DagBag from /opt/airflow/dags/playlist_pipeline_dag.py
[2026-03-07T16:19:20.626+0000] {logging_mixin.py:188} INFO - [2026-03-07T16:19:20.612+0000] {dagbag.py:348} ERROR - Failed to import: /opt/airflow/dags/playlist_pipeline_dag.py
Traceback (most recent call last):
  File "/home/airflow/.local/lib/python3.8/site-packages/airflow/models/dagbag.py", line 344, in parse
    loader.exec_module(new_module)
  File "<frozen importlib._bootstrap_external>", line 843, in exec_module
  File "<frozen importlib._bootstrap>", line 219, in _call_with_frames_removed
  File "/opt/airflow/dags/playlist_pipeline_dag.py", line 8, in <module>
    from main import run_pipeline
ModuleNotFoundError: No module named 'main'
[2026-03-07T16:19:20.634+0000] {processor.py:842} WARNING - No viable dags retrieved from /opt/airflow/dags/playlist_pipeline_dag.py
[2026-03-07T16:19:20.685+0000] {processor.py:183} INFO - Processing /opt/airflow/dags/playlist_pipeline_dag.py took 0.179 seconds
[2026-03-07T16:19:51.142+0000] {processor.py:161} INFO - Started process (PID=99) to work on /opt/airflow/dags/playlist_pipeline_dag.py
[2026-03-07T16:19:51.143+0000] {processor.py:830} INFO - Processing file /opt/airflow/dags/playlist_pipeline_dag.py for tasks to queue
[2026-03-07T16:19:51.147+0000] {logging_mixin.py:188} INFO - [2026-03-07T16:19:51.144+0000] {dagbag.py:538} INFO - Filling up the DagBag from /opt/airflow/dags/playlist_pipeline_dag.py
[2026-03-07T16:19:51.180+0000] {logging_mixin.py:188} INFO - [2026-03-07T16:19:51.175+0000] {dagbag.py:348} ERROR - Failed to import: /opt/airflow/dags/playlist_pipeline_dag.py
Traceback (most recent call last):
  File "/home/airflow/.local/lib/python3.8/site-packages/airflow/models/dagbag.py", line 344, in parse
    loader.exec_module(new_module)
  File "<frozen importlib._bootstrap_external>", line 843, in exec_module
  File "<frozen importlib._bootstrap>", line 219, in _call_with_frames_removed
  File "/opt/airflow/dags/playlist_pipeline_dag.py", line 8, in <module>
    from main import run_pipeline
ModuleNotFoundError: No module named 'main'
[2026-03-07T16:19:51.182+0000] {processor.py:842} WARNING - No viable dags retrieved from /opt/airflow/dags/playlist_pipeline_dag.py
[2026-03-07T16:19:51.203+0000] {processor.py:183} INFO - Processing /opt/airflow/dags/playlist_pipeline_dag.py took 0.066 seconds
[2026-03-07T16:20:21.487+0000] {processor.py:161} INFO - Started process (PID=100) to work on /opt/airflow/dags/playlist_pipeline_dag.py
[2026-03-07T16:20:21.489+0000] {processor.py:830} INFO - Processing file /opt/airflow/dags/playlist_pipeline_dag.py for tasks to queue
[2026-03-07T16:20:21.493+0000] {logging_mixin.py:188} INFO - [2026-03-07T16:20:21.490+0000] {dagbag.py:538} INFO - Filling up the DagBag from /opt/airflow/dags/playlist_pipeline_dag.py
[2026-03-07T16:20:21.534+0000] {logging_mixin.py:188} INFO - [2026-03-07T16:20:21.526+0000] {dagbag.py:348} ERROR - Failed to import: /opt/airflow/dags/playlist_pipeline_dag.py
Traceback (most recent call last):
  File "/home/airflow/.local/lib/python3.8/site-packages/airflow/models/dagbag.py", line 344, in parse
    loader.exec_module(new_module)
  File "<frozen importlib._bootstrap_external>", line 843, in exec_module
  File "<frozen importlib._bootstrap>", line 219, in _call_with_frames_removed
  File "/opt/airflow/dags/playlist_pipeline_dag.py", line 8, in <module>
    from main import run_pipeline
ModuleNotFoundError: No module named 'main'
[2026-03-07T16:20:21.536+0000] {processor.py:842} WARNING - No viable dags retrieved from /opt/airflow/dags/playlist_pipeline_dag.py
[2026-03-07T16:20:21.558+0000] {processor.py:183} INFO - Processing /opt/airflow/dags/playlist_pipeline_dag.py took 0.080 seconds
[2026-03-07T16:20:51.835+0000] {processor.py:161} INFO - Started process (PID=101) to work on /opt/airflow/dags/playlist_pipeline_dag.py
[2026-03-07T16:20:51.840+0000] {processor.py:830} INFO - Processing file /opt/airflow/dags/playlist_pipeline_dag.py for tasks to queue
[2026-03-07T16:20:51.845+0000] {logging_mixin.py:188} INFO - [2026-03-07T16:20:51.844+0000] {dagbag.py:538} INFO - Filling up the DagBag from /opt/airflow/dags/playlist_pipeline_dag.py
[2026-03-07T16:20:51.912+0000] {logging_mixin.py:188} INFO - [2026-03-07T16:20:51.898+0000] {dagbag.py:348} ERROR - Failed to import: /opt/airflow/dags/playlist_pipeline_dag.py
Traceback (most recent call last):
  File "/home/airflow/.local/lib/python3.8/site-packages/airflow/models/dagbag.py", line 344, in parse
    loader.exec_module(new_module)
  File "<frozen importlib._bootstrap_external>", line 843, in exec_module
  File "<frozen importlib._bootstrap>", line 219, in _call_with_frames_removed
  File "/opt/airflow/dags/playlist_pipeline_dag.py", line 8, in <module>
    from main import run_pipeline
ModuleNotFoundError: No module named 'main'
[2026-03-07T16:20:51.915+0000] {processor.py:842} WARNING - No viable dags retrieved from /opt/airflow/dags/playlist_pipeline_dag.py
[2026-03-07T16:20:51.942+0000] {processor.py:183} INFO - Processing /opt/airflow/dags/playlist_pipeline_dag.py took 0.115 seconds
[2026-03-07T16:44:57.287+0000] {processor.py:161} INFO - Started process (PID=102) to work on /opt/airflow/dags/playlist_pipeline_dag.py
[2026-03-07T16:44:57.317+0000] {processor.py:830} INFO - Processing file /opt/airflow/dags/playlist_pipeline_dag.py for tasks to queue
[2026-03-07T16:44:57.338+0000] {logging_mixin.py:188} INFO - [2026-03-07T16:44:57.335+0000] {dagbag.py:538} INFO - Filling up the DagBag from /opt/airflow/dags/playlist_pipeline_dag.py
[2026-03-07T16:44:57.656+0000] {logging_mixin.py:188} INFO - [2026-03-07T16:44:57.611+0000] {dagbag.py:348} ERROR - Failed to import: /opt/airflow/dags/playlist_pipeline_dag.py
Traceback (most recent call last):
  File "/home/airflow/.local/lib/python3.8/site-packages/airflow/models/dagbag.py", line 344, in parse
    loader.exec_module(new_module)
  File "<frozen importlib._bootstrap_external>", line 843, in exec_module
  File "<frozen importlib._bootstrap>", line 219, in _call_with_frames_removed
  File "/opt/airflow/dags/playlist_pipeline_dag.py", line 8, in <module>
    from main import run_pipeline
ModuleNotFoundError: No module named 'main'
[2026-03-07T16:44:57.684+0000] {processor.py:842} WARNING - No viable dags retrieved from /opt/airflow/dags/playlist_pipeline_dag.py
[2026-03-07T16:44:57.860+0000] {processor.py:183} INFO - Processing /opt/airflow/dags/playlist_pipeline_dag.py took 0.638 seconds
[2026-03-07T16:48:19.862+0000] {processor.py:161} INFO - Started process (PID=105) to work on /opt/airflow/dags/playlist_pipeline_dag.py
[2026-03-07T16:48:19.925+0000] {processor.py:830} INFO - Processing file /opt/airflow/dags/playlist_pipeline_dag.py for tasks to queue
[2026-03-07T16:48:19.944+0000] {logging_mixin.py:188} INFO - [2026-03-07T16:48:19.936+0000] {dagbag.py:538} INFO - Filling up the DagBag from /opt/airflow/dags/playlist_pipeline_dag.py
[2026-03-07T16:48:20.425+0000] {logging_mixin.py:188} INFO - [2026-03-07T16:48:20.374+0000] {dagbag.py:348} ERROR - Failed to import: /opt/airflow/dags/playlist_pipeline_dag.py
Traceback (most recent call last):
  File "/home/airflow/.local/lib/python3.8/site-packages/airflow/models/dagbag.py", line 344, in parse
    loader.exec_module(new_module)
  File "<frozen importlib._bootstrap_external>", line 843, in exec_module
  File "<frozen importlib._bootstrap>", line 219, in _call_with_frames_removed
  File "/opt/airflow/dags/playlist_pipeline_dag.py", line 8, in <module>
    from main import run_pipeline
ModuleNotFoundError: No module named 'main'
[2026-03-07T16:48:20.438+0000] {processor.py:842} WARNING - No viable dags retrieved from /opt/airflow/dags/playlist_pipeline_dag.py
[2026-03-07T16:48:20.701+0000] {processor.py:183} INFO - Processing /opt/airflow/dags/playlist_pipeline_dag.py took 0.901 seconds
[2026-03-07T16:48:51.792+0000] {processor.py:161} INFO - Started process (PID=108) to work on /opt/airflow/dags/playlist_pipeline_dag.py
[2026-03-07T16:48:51.798+0000] {processor.py:830} INFO - Processing file /opt/airflow/dags/playlist_pipeline_dag.py for tasks to queue
[2026-03-07T16:48:51.810+0000] {logging_mixin.py:188} INFO - [2026-03-07T16:48:51.802+0000] {dagbag.py:538} INFO - Filling up the DagBag from /opt/airflow/dags/playlist_pipeline_dag.py
[2026-03-07T16:48:51.962+0000] {logging_mixin.py:188} INFO - [2026-03-07T16:48:51.948+0000] {dagbag.py:348} ERROR - Failed to import: /opt/airflow/dags/playlist_pipeline_dag.py
Traceback (most recent call last):
  File "/home/airflow/.local/lib/python3.8/site-packages/airflow/models/dagbag.py", line 344, in parse
    loader.exec_module(new_module)
  File "<frozen importlib._bootstrap_external>", line 843, in exec_module
  File "<frozen importlib._bootstrap>", line 219, in _call_with_frames_removed
  File "/opt/airflow/dags/playlist_pipeline_dag.py", line 8, in <module>
    from main import run_pipeline
ModuleNotFoundError: No module named 'main'
[2026-03-07T16:48:51.966+0000] {processor.py:842} WARNING - No viable dags retrieved from /opt/airflow/dags/playlist_pipeline_dag.py
[2026-03-07T16:48:52.104+0000] {processor.py:183} INFO - Processing /opt/airflow/dags/playlist_pipeline_dag.py took 0.335 seconds
[2026-03-07T16:49:22.590+0000] {processor.py:161} INFO - Started process (PID=109) to work on /opt/airflow/dags/playlist_pipeline_dag.py
[2026-03-07T16:49:22.592+0000] {processor.py:830} INFO - Processing file /opt/airflow/dags/playlist_pipeline_dag.py for tasks to queue
[2026-03-07T16:49:22.595+0000] {logging_mixin.py:188} INFO - [2026-03-07T16:49:22.593+0000] {dagbag.py:538} INFO - Filling up the DagBag from /opt/airflow/dags/playlist_pipeline_dag.py
[2026-03-07T16:49:22.627+0000] {logging_mixin.py:188} INFO - [2026-03-07T16:49:22.619+0000] {dagbag.py:348} ERROR - Failed to import: /opt/airflow/dags/playlist_pipeline_dag.py
Traceback (most recent call last):
  File "/home/airflow/.local/lib/python3.8/site-packages/airflow/models/dagbag.py", line 344, in parse
    loader.exec_module(new_module)
  File "<frozen importlib._bootstrap_external>", line 843, in exec_module
  File "<frozen importlib._bootstrap>", line 219, in _call_with_frames_removed
  File "/opt/airflow/dags/playlist_pipeline_dag.py", line 8, in <module>
    from main import run_pipeline
ModuleNotFoundError: No module named 'main'
[2026-03-07T16:49:22.630+0000] {processor.py:842} WARNING - No viable dags retrieved from /opt/airflow/dags/playlist_pipeline_dag.py
[2026-03-07T16:49:22.696+0000] {processor.py:183} INFO - Processing /opt/airflow/dags/playlist_pipeline_dag.py took 0.112 seconds
[2026-03-07T16:49:52.984+0000] {processor.py:161} INFO - Started process (PID=110) to work on /opt/airflow/dags/playlist_pipeline_dag.py
[2026-03-07T16:49:52.989+0000] {processor.py:830} INFO - Processing file /opt/airflow/dags/playlist_pipeline_dag.py for tasks to queue
[2026-03-07T16:49:52.993+0000] {logging_mixin.py:188} INFO - [2026-03-07T16:49:52.992+0000] {dagbag.py:538} INFO - Filling up the DagBag from /opt/airflow/dags/playlist_pipeline_dag.py
[2026-03-07T16:49:53.048+0000] {logging_mixin.py:188} INFO - [2026-03-07T16:49:53.036+0000] {dagbag.py:348} ERROR - Failed to import: /opt/airflow/dags/playlist_pipeline_dag.py
Traceback (most recent call last):
  File "/home/airflow/.local/lib/python3.8/site-packages/airflow/models/dagbag.py", line 344, in parse
    loader.exec_module(new_module)
  File "<frozen importlib._bootstrap_external>", line 843, in exec_module
  File "<frozen importlib._bootstrap>", line 219, in _call_with_frames_removed
  File "/opt/airflow/dags/playlist_pipeline_dag.py", line 8, in <module>
    from main import run_pipeline
ModuleNotFoundError: No module named 'main'
[2026-03-07T16:49:53.052+0000] {processor.py:842} WARNING - No viable dags retrieved from /opt/airflow/dags/playlist_pipeline_dag.py
[2026-03-07T16:49:53.091+0000] {processor.py:183} INFO - Processing /opt/airflow/dags/playlist_pipeline_dag.py took 0.120 seconds
[2026-03-07T16:50:23.710+0000] {processor.py:161} INFO - Started process (PID=111) to work on /opt/airflow/dags/playlist_pipeline_dag.py
[2026-03-07T16:50:23.714+0000] {processor.py:830} INFO - Processing file /opt/airflow/dags/playlist_pipeline_dag.py for tasks to queue
[2026-03-07T16:50:23.734+0000] {logging_mixin.py:188} INFO - [2026-03-07T16:50:23.726+0000] {dagbag.py:538} INFO - Filling up the DagBag from /opt/airflow/dags/playlist_pipeline_dag.py
[2026-03-07T16:50:23.833+0000] {logging_mixin.py:188} INFO - [2026-03-07T16:50:23.817+0000] {dagbag.py:348} ERROR - Failed to import: /opt/airflow/dags/playlist_pipeline_dag.py
Traceback (most recent call last):
  File "/home/airflow/.local/lib/python3.8/site-packages/airflow/models/dagbag.py", line 344, in parse
    loader.exec_module(new_module)
  File "<frozen importlib._bootstrap_external>", line 843, in exec_module
  File "<frozen importlib._bootstrap>", line 219, in _call_with_frames_removed
  File "/opt/airflow/dags/playlist_pipeline_dag.py", line 8, in <module>
    from main import run_pipeline
ModuleNotFoundError: No module named 'main'
[2026-03-07T16:50:23.840+0000] {processor.py:842} WARNING - No viable dags retrieved from /opt/airflow/dags/playlist_pipeline_dag.py
[2026-03-07T16:50:23.977+0000] {processor.py:183} INFO - Processing /opt/airflow/dags/playlist_pipeline_dag.py took 0.301 seconds
[2026-03-07T16:50:54.636+0000] {processor.py:161} INFO - Started process (PID=112) to work on /opt/airflow/dags/playlist_pipeline_dag.py
[2026-03-07T16:50:54.641+0000] {processor.py:830} INFO - Processing file /opt/airflow/dags/playlist_pipeline_dag.py for tasks to queue
[2026-03-07T16:50:54.653+0000] {logging_mixin.py:188} INFO - [2026-03-07T16:50:54.648+0000] {dagbag.py:538} INFO - Filling up the DagBag from /opt/airflow/dags/playlist_pipeline_dag.py
[2026-03-07T16:50:54.727+0000] {logging_mixin.py:188} INFO - [2026-03-07T16:50:54.714+0000] {dagbag.py:348} ERROR - Failed to import: /opt/airflow/dags/playlist_pipeline_dag.py
Traceback (most recent call last):
  File "/home/airflow/.local/lib/python3.8/site-packages/airflow/models/dagbag.py", line 344, in parse
    loader.exec_module(new_module)
  File "<frozen importlib._bootstrap_external>", line 843, in exec_module
  File "<frozen importlib._bootstrap>", line 219, in _call_with_frames_removed
  File "/opt/airflow/dags/playlist_pipeline_dag.py", line 8, in <module>
    from main import run_pipeline
ModuleNotFoundError: No module named 'main'
[2026-03-07T16:50:54.733+0000] {processor.py:842} WARNING - No viable dags retrieved from /opt/airflow/dags/playlist_pipeline_dag.py
[2026-03-07T16:50:54.841+0000] {processor.py:183} INFO - Processing /opt/airflow/dags/playlist_pipeline_dag.py took 0.233 seconds
[2026-03-07T16:51:25.796+0000] {processor.py:161} INFO - Started process (PID=113) to work on /opt/airflow/dags/playlist_pipeline_dag.py
[2026-03-07T16:51:25.801+0000] {processor.py:830} INFO - Processing file /opt/airflow/dags/playlist_pipeline_dag.py for tasks to queue
[2026-03-07T16:51:25.805+0000] {logging_mixin.py:188} INFO - [2026-03-07T16:51:25.803+0000] {dagbag.py:538} INFO - Filling up the DagBag from /opt/airflow/dags/playlist_pipeline_dag.py
[2026-03-07T16:51:25.864+0000] {logging_mixin.py:188} INFO - [2026-03-07T16:51:25.850+0000] {dagbag.py:348} ERROR - Failed to import: /opt/airflow/dags/playlist_pipeline_dag.py
Traceback (most recent call last):
  File "/home/airflow/.local/lib/python3.8/site-packages/airflow/models/dagbag.py", line 344, in parse
    loader.exec_module(new_module)
  File "<frozen importlib._bootstrap_external>", line 843, in exec_module
  File "<frozen importlib._bootstrap>", line 219, in _call_with_frames_removed
  File "/opt/airflow/dags/playlist_pipeline_dag.py", line 8, in <module>
    from main import run_pipeline
ModuleNotFoundError: No module named 'main'
[2026-03-07T16:51:25.871+0000] {processor.py:842} WARNING - No viable dags retrieved from /opt/airflow/dags/playlist_pipeline_dag.py
[2026-03-07T16:51:25.925+0000] {processor.py:183} INFO - Processing /opt/airflow/dags/playlist_pipeline_dag.py took 0.140 seconds
[2026-03-07T16:51:56.638+0000] {processor.py:161} INFO - Started process (PID=114) to work on /opt/airflow/dags/playlist_pipeline_dag.py
[2026-03-07T16:51:56.643+0000] {processor.py:830} INFO - Processing file /opt/airflow/dags/playlist_pipeline_dag.py for tasks to queue
[2026-03-07T16:51:56.653+0000] {logging_mixin.py:188} INFO - [2026-03-07T16:51:56.645+0000] {dagbag.py:538} INFO - Filling up the DagBag from /opt/airflow/dags/playlist_pipeline_dag.py
[2026-03-07T16:51:56.714+0000] {logging_mixin.py:188} INFO - [2026-03-07T16:51:56.704+0000] {dagbag.py:348} ERROR - Failed to import: /opt/airflow/dags/playlist_pipeline_dag.py
Traceback (most recent call last):
  File "/home/airflow/.local/lib/python3.8/site-packages/airflow/models/dagbag.py", line 344, in parse
    loader.exec_module(new_module)
  File "<frozen importlib._bootstrap_external>", line 843, in exec_module
  File "<frozen importlib._bootstrap>", line 219, in _call_with_frames_removed
  File "/opt/airflow/dags/playlist_pipeline_dag.py", line 8, in <module>
    from main import run_pipeline
ModuleNotFoundError: No module named 'main'
[2026-03-07T16:51:56.718+0000] {processor.py:842} WARNING - No viable dags retrieved from /opt/airflow/dags/playlist_pipeline_dag.py
[2026-03-07T16:51:56.770+0000] {processor.py:183} INFO - Processing /opt/airflow/dags/playlist_pipeline_dag.py took 0.144 seconds
[2026-03-07T16:52:27.213+0000] {processor.py:161} INFO - Started process (PID=121) to work on /opt/airflow/dags/playlist_pipeline_dag.py
[2026-03-07T16:52:27.218+0000] {processor.py:830} INFO - Processing file /opt/airflow/dags/playlist_pipeline_dag.py for tasks to queue
[2026-03-07T16:52:27.222+0000] {logging_mixin.py:188} INFO - [2026-03-07T16:52:27.220+0000] {dagbag.py:538} INFO - Filling up the DagBag from /opt/airflow/dags/playlist_pipeline_dag.py
[2026-03-07T16:52:27.274+0000] {logging_mixin.py:188} INFO - [2026-03-07T16:52:27.266+0000] {dagbag.py:348} ERROR - Failed to import: /opt/airflow/dags/playlist_pipeline_dag.py
Traceback (most recent call last):
  File "/home/airflow/.local/lib/python3.8/site-packages/airflow/models/dagbag.py", line 344, in parse
    loader.exec_module(new_module)
  File "<frozen importlib._bootstrap_external>", line 843, in exec_module
  File "<frozen importlib._bootstrap>", line 219, in _call_with_frames_removed
  File "/opt/airflow/dags/playlist_pipeline_dag.py", line 8, in <module>
    from main import run_pipeline
ModuleNotFoundError: No module named 'main'
[2026-03-07T16:52:27.277+0000] {processor.py:842} WARNING - No viable dags retrieved from /opt/airflow/dags/playlist_pipeline_dag.py
[2026-03-07T16:52:27.316+0000] {processor.py:183} INFO - Processing /opt/airflow/dags/playlist_pipeline_dag.py took 0.110 seconds
[2026-03-07T16:52:57.808+0000] {processor.py:161} INFO - Started process (PID=140) to work on /opt/airflow/dags/playlist_pipeline_dag.py
[2026-03-07T16:52:57.813+0000] {processor.py:830} INFO - Processing file /opt/airflow/dags/playlist_pipeline_dag.py for tasks to queue
[2026-03-07T16:52:57.817+0000] {logging_mixin.py:188} INFO - [2026-03-07T16:52:57.815+0000] {dagbag.py:538} INFO - Filling up the DagBag from /opt/airflow/dags/playlist_pipeline_dag.py
[2026-03-07T16:52:57.868+0000] {logging_mixin.py:188} INFO - [2026-03-07T16:52:57.857+0000] {dagbag.py:348} ERROR - Failed to import: /opt/airflow/dags/playlist_pipeline_dag.py
Traceback (most recent call last):
  File "/home/airflow/.local/lib/python3.8/site-packages/airflow/models/dagbag.py", line 344, in parse
    loader.exec_module(new_module)
  File "<frozen importlib._bootstrap_external>", line 843, in exec_module
  File "<frozen importlib._bootstrap>", line 219, in _call_with_frames_removed
  File "/opt/airflow/dags/playlist_pipeline_dag.py", line 8, in <module>
    from main import run_pipeline
ModuleNotFoundError: No module named 'main'
[2026-03-07T16:52:57.872+0000] {processor.py:842} WARNING - No viable dags retrieved from /opt/airflow/dags/playlist_pipeline_dag.py
[2026-03-07T16:52:57.914+0000] {processor.py:183} INFO - Processing /opt/airflow/dags/playlist_pipeline_dag.py took 0.115 seconds
[2026-03-07T16:53:28.253+0000] {processor.py:161} INFO - Started process (PID=162) to work on /opt/airflow/dags/playlist_pipeline_dag.py
[2026-03-07T16:53:28.262+0000] {processor.py:830} INFO - Processing file /opt/airflow/dags/playlist_pipeline_dag.py for tasks to queue
[2026-03-07T16:53:28.267+0000] {logging_mixin.py:188} INFO - [2026-03-07T16:53:28.265+0000] {dagbag.py:538} INFO - Filling up the DagBag from /opt/airflow/dags/playlist_pipeline_dag.py
[2026-03-07T16:53:28.324+0000] {logging_mixin.py:188} INFO - [2026-03-07T16:53:28.313+0000] {dagbag.py:348} ERROR - Failed to import: /opt/airflow/dags/playlist_pipeline_dag.py
Traceback (most recent call last):
  File "/home/airflow/.local/lib/python3.8/site-packages/airflow/models/dagbag.py", line 344, in parse
    loader.exec_module(new_module)
  File "<frozen importlib._bootstrap_external>", line 843, in exec_module
  File "<frozen importlib._bootstrap>", line 219, in _call_with_frames_removed
  File "/opt/airflow/dags/playlist_pipeline_dag.py", line 8, in <module>
    from main import run_pipeline
ModuleNotFoundError: No module named 'main'
[2026-03-07T16:53:28.327+0000] {processor.py:842} WARNING - No viable dags retrieved from /opt/airflow/dags/playlist_pipeline_dag.py
[2026-03-07T16:53:28.376+0000] {processor.py:183} INFO - Processing /opt/airflow/dags/playlist_pipeline_dag.py took 0.130 seconds
[2026-03-07T16:53:58.688+0000] {processor.py:161} INFO - Started process (PID=176) to work on /opt/airflow/dags/playlist_pipeline_dag.py
[2026-03-07T16:53:58.691+0000] {processor.py:830} INFO - Processing file /opt/airflow/dags/playlist_pipeline_dag.py for tasks to queue
[2026-03-07T16:53:58.697+0000] {logging_mixin.py:188} INFO - [2026-03-07T16:53:58.695+0000] {dagbag.py:538} INFO - Filling up the DagBag from /opt/airflow/dags/playlist_pipeline_dag.py
[2026-03-07T16:53:58.750+0000] {logging_mixin.py:188} INFO - [2026-03-07T16:53:58.741+0000] {dagbag.py:348} ERROR - Failed to import: /opt/airflow/dags/playlist_pipeline_dag.py
Traceback (most recent call last):
  File "/home/airflow/.local/lib/python3.8/site-packages/airflow/models/dagbag.py", line 344, in parse
    loader.exec_module(new_module)
  File "<frozen importlib._bootstrap_external>", line 843, in exec_module
  File "<frozen importlib._bootstrap>", line 219, in _call_with_frames_removed
  File "/opt/airflow/dags/playlist_pipeline_dag.py", line 8, in <module>
    from main import run_pipeline
ModuleNotFoundError: No module named 'main'
[2026-03-07T16:53:58.753+0000] {processor.py:842} WARNING - No viable dags retrieved from /opt/airflow/dags/playlist_pipeline_dag.py
[2026-03-07T16:53:58.778+0000] {processor.py:183} INFO - Processing /opt/airflow/dags/playlist_pipeline_dag.py took 0.101 seconds
[2026-03-07T16:54:28.959+0000] {processor.py:161} INFO - Started process (PID=177) to work on /opt/airflow/dags/playlist_pipeline_dag.py
[2026-03-07T16:54:28.963+0000] {processor.py:830} INFO - Processing file /opt/airflow/dags/playlist_pipeline_dag.py for tasks to queue
[2026-03-07T16:54:28.968+0000] {logging_mixin.py:188} INFO - [2026-03-07T16:54:28.965+0000] {dagbag.py:538} INFO - Filling up the DagBag from /opt/airflow/dags/playlist_pipeline_dag.py
[2026-03-07T16:54:29.025+0000] {logging_mixin.py:188} INFO - [2026-03-07T16:54:29.012+0000] {dagbag.py:348} ERROR - Failed to import: /opt/airflow/dags/playlist_pipeline_dag.py
Traceback (most recent call last):
  File "/home/airflow/.local/lib/python3.8/site-packages/airflow/models/dagbag.py", line 344, in parse
    loader.exec_module(new_module)
  File "<frozen importlib._bootstrap_external>", line 843, in exec_module
  File "<frozen importlib._bootstrap>", line 219, in _call_with_frames_removed
  File "/opt/airflow/dags/playlist_pipeline_dag.py", line 8, in <module>
    from main import run_pipeline
ModuleNotFoundError: No module named 'main'
[2026-03-07T16:54:29.030+0000] {processor.py:842} WARNING - No viable dags retrieved from /opt/airflow/dags/playlist_pipeline_dag.py
[2026-03-07T16:54:29.096+0000] {processor.py:183} INFO - Processing /opt/airflow/dags/playlist_pipeline_dag.py took 0.147 seconds
[2026-03-07T16:54:59.401+0000] {processor.py:161} INFO - Started process (PID=178) to work on /opt/airflow/dags/playlist_pipeline_dag.py
[2026-03-07T16:54:59.404+0000] {processor.py:830} INFO - Processing file /opt/airflow/dags/playlist_pipeline_dag.py for tasks to queue
[2026-03-07T16:54:59.410+0000] {logging_mixin.py:188} INFO - [2026-03-07T16:54:59.405+0000] {dagbag.py:538} INFO - Filling up the DagBag from /opt/airflow/dags/playlist_pipeline_dag.py
[2026-03-07T16:54:59.444+0000] {logging_mixin.py:188} INFO - [2026-03-07T16:54:59.437+0000] {dagbag.py:348} ERROR - Failed to import: /opt/airflow/dags/playlist_pipeline_dag.py
Traceback (most recent call last):
  File "/home/airflow/.local/lib/python3.8/site-packages/airflow/models/dagbag.py", line 344, in parse
    loader.exec_module(new_module)
  File "<frozen importlib._bootstrap_external>", line 843, in exec_module
  File "<frozen importlib._bootstrap>", line 219, in _call_with_frames_removed
  File "/opt/airflow/dags/playlist_pipeline_dag.py", line 8, in <module>
    from main import run_pipeline
ModuleNotFoundError: No module named 'main'
[2026-03-07T16:54:59.447+0000] {processor.py:842} WARNING - No viable dags retrieved from /opt/airflow/dags/playlist_pipeline_dag.py
[2026-03-07T16:54:59.484+0000] {processor.py:183} INFO - Processing /opt/airflow/dags/playlist_pipeline_dag.py took 0.089 seconds
[2026-03-07T16:55:57.941+0000] {processor.py:161} INFO - Started process (PID=56) to work on /opt/airflow/dags/playlist_pipeline_dag.py
[2026-03-07T16:55:57.944+0000] {processor.py:830} INFO - Processing file /opt/airflow/dags/playlist_pipeline_dag.py for tasks to queue
[2026-03-07T16:55:57.948+0000] {logging_mixin.py:188} INFO - [2026-03-07T16:55:57.946+0000] {dagbag.py:538} INFO - Filling up the DagBag from /opt/airflow/dags/playlist_pipeline_dag.py
[2026-03-07T16:55:57.979+0000] {logging_mixin.py:188} INFO - [2026-03-07T16:55:57.970+0000] {dagbag.py:348} ERROR - Failed to import: /opt/airflow/dags/playlist_pipeline_dag.py
Traceback (most recent call last):
  File "/home/airflow/.local/lib/python3.8/site-packages/airflow/models/dagbag.py", line 344, in parse
    loader.exec_module(new_module)
  File "<frozen importlib._bootstrap_external>", line 843, in exec_module
  File "<frozen importlib._bootstrap>", line 219, in _call_with_frames_removed
  File "/opt/airflow/dags/playlist_pipeline_dag.py", line 8, in <module>
    from main import run_pipeline
ModuleNotFoundError: No module named 'main'
[2026-03-07T16:55:57.983+0000] {processor.py:842} WARNING - No viable dags retrieved from /opt/airflow/dags/playlist_pipeline_dag.py
[2026-03-07T16:55:58.034+0000] {processor.py:183} INFO - Processing /opt/airflow/dags/playlist_pipeline_dag.py took 0.101 seconds
[2026-03-07T16:56:28.510+0000] {processor.py:161} INFO - Started process (PID=66) to work on /opt/airflow/dags/playlist_pipeline_dag.py
[2026-03-07T16:56:28.513+0000] {processor.py:830} INFO - Processing file /opt/airflow/dags/playlist_pipeline_dag.py for tasks to queue
[2026-03-07T16:56:28.523+0000] {logging_mixin.py:188} INFO - [2026-03-07T16:56:28.516+0000] {dagbag.py:538} INFO - Filling up the DagBag from /opt/airflow/dags/playlist_pipeline_dag.py
[2026-03-07T16:56:28.587+0000] {logging_mixin.py:188} INFO - [2026-03-07T16:56:28.574+0000] {dagbag.py:348} ERROR - Failed to import: /opt/airflow/dags/playlist_pipeline_dag.py
Traceback (most recent call last):
  File "/home/airflow/.local/lib/python3.8/site-packages/airflow/models/dagbag.py", line 344, in parse
    loader.exec_module(new_module)
  File "<frozen importlib._bootstrap_external>", line 843, in exec_module
  File "<frozen importlib._bootstrap>", line 219, in _call_with_frames_removed
  File "/opt/airflow/dags/playlist_pipeline_dag.py", line 8, in <module>
    from main import run_pipeline
ModuleNotFoundError: No module named 'main'
[2026-03-07T16:56:28.592+0000] {processor.py:842} WARNING - No viable dags retrieved from /opt/airflow/dags/playlist_pipeline_dag.py
[2026-03-07T16:56:28.657+0000] {processor.py:183} INFO - Processing /opt/airflow/dags/playlist_pipeline_dag.py took 0.160 seconds
[2026-03-07T16:57:34.592+0000] {processor.py:161} INFO - Started process (PID=68) to work on /opt/airflow/dags/playlist_pipeline_dag.py
[2026-03-07T16:57:34.602+0000] {processor.py:830} INFO - Processing file /opt/airflow/dags/playlist_pipeline_dag.py for tasks to queue
[2026-03-07T16:57:34.646+0000] {logging_mixin.py:188} INFO - [2026-03-07T16:57:34.611+0000] {dagbag.py:538} INFO - Filling up the DagBag from /opt/airflow/dags/playlist_pipeline_dag.py
[2026-03-07T16:57:34.854+0000] {logging_mixin.py:188} INFO - [2026-03-07T16:57:34.788+0000] {dagbag.py:348} ERROR - Failed to import: /opt/airflow/dags/playlist_pipeline_dag.py
Traceback (most recent call last):
  File "/home/airflow/.local/lib/python3.8/site-packages/airflow/models/dagbag.py", line 344, in parse
    loader.exec_module(new_module)
  File "<frozen importlib._bootstrap_external>", line 843, in exec_module
  File "<frozen importlib._bootstrap>", line 219, in _call_with_frames_removed
  File "/opt/airflow/dags/playlist_pipeline_dag.py", line 8, in <module>
    from main import run_pipeline
ModuleNotFoundError: No module named 'main'
[2026-03-07T16:57:34.861+0000] {processor.py:842} WARNING - No viable dags retrieved from /opt/airflow/dags/playlist_pipeline_dag.py
[2026-03-07T16:57:35.369+0000] {processor.py:183} INFO - Processing /opt/airflow/dags/playlist_pipeline_dag.py took 0.806 seconds
[2026-03-07T16:58:42.117+0000] {processor.py:161} INFO - Started process (PID=63) to work on /opt/airflow/dags/playlist_pipeline_dag.py
[2026-03-07T16:58:42.120+0000] {processor.py:830} INFO - Processing file /opt/airflow/dags/playlist_pipeline_dag.py for tasks to queue
[2026-03-07T16:58:42.128+0000] {logging_mixin.py:188} INFO - [2026-03-07T16:58:42.122+0000] {dagbag.py:538} INFO - Filling up the DagBag from /opt/airflow/dags/playlist_pipeline_dag.py
[2026-03-07T16:58:46.279+0000] {processor.py:840} INFO - DAG(s) 'playlist_pipeline' retrieved from /opt/airflow/dags/playlist_pipeline_dag.py
[2026-03-07T16:58:47.774+0000] {logging_mixin.py:188} INFO - [2026-03-07T16:58:47.715+0000] {override.py:1769} INFO - Created Permission View: can read on DAG:playlist_pipeline
[2026-03-07T16:58:48.165+0000] {logging_mixin.py:188} INFO - [2026-03-07T16:58:48.113+0000] {override.py:1769} INFO - Created Permission View: can edit on DAG:playlist_pipeline
[2026-03-07T16:58:48.534+0000] {logging_mixin.py:188} INFO - [2026-03-07T16:58:48.477+0000] {override.py:1769} INFO - Created Permission View: can delete on DAG:playlist_pipeline
[2026-03-07T16:58:48.635+0000] {logging_mixin.py:188} INFO - [2026-03-07T16:58:48.607+0000] {dag.py:3036} INFO - Sync 1 DAGs
[2026-03-07T16:58:49.062+0000] {logging_mixin.py:188} INFO - [2026-03-07T16:58:49.005+0000] {dag.py:3058} INFO - Creating ORM DAG for playlist_pipeline
[2026-03-07T16:58:50.475+0000] {logging_mixin.py:188} INFO - [2026-03-07T16:58:50.470+0000] {dag.py:3823} INFO - Setting next_dagrun for playlist_pipeline to 2026-03-06 00:00:00+00:00, run_after=2026-03-07 00:00:00+00:00
[2026-03-07T16:58:50.553+0000] {processor.py:183} INFO - Processing /opt/airflow/dags/playlist_pipeline_dag.py took 8.443 seconds
[2026-03-07T16:59:23.587+0000] {processor.py:161} INFO - Started process (PID=74) to work on /opt/airflow/dags/playlist_pipeline_dag.py
[2026-03-07T16:59:23.596+0000] {processor.py:830} INFO - Processing file /opt/airflow/dags/playlist_pipeline_dag.py for tasks to queue
[2026-03-07T16:59:23.617+0000] {logging_mixin.py:188} INFO - [2026-03-07T16:59:23.607+0000] {dagbag.py:538} INFO - Filling up the DagBag from /opt/airflow/dags/playlist_pipeline_dag.py
[2026-03-07T16:59:26.684+0000] {processor.py:840} INFO - DAG(s) 'playlist_pipeline' retrieved from /opt/airflow/dags/playlist_pipeline_dag.py
[2026-03-07T16:59:26.808+0000] {logging_mixin.py:188} INFO - [2026-03-07T16:59:26.801+0000] {dag.py:3036} INFO - Sync 1 DAGs
[2026-03-07T16:59:26.960+0000] {logging_mixin.py:188} INFO - [2026-03-07T16:59:26.952+0000] {dag.py:3823} INFO - Setting next_dagrun for playlist_pipeline to 2026-03-06 00:00:00+00:00, run_after=2026-03-07 00:00:00+00:00
[2026-03-07T16:59:27.083+0000] {processor.py:183} INFO - Processing /opt/airflow/dags/playlist_pipeline_dag.py took 3.558 seconds
[2026-03-07T17:00:10.831+0000] {processor.py:161} INFO - Started process (PID=77) to work on /opt/airflow/dags/playlist_pipeline_dag.py
[2026-03-07T17:00:10.836+0000] {processor.py:830} INFO - Processing file /opt/airflow/dags/playlist_pipeline_dag.py for tasks to queue
[2026-03-07T17:00:10.847+0000] {logging_mixin.py:188} INFO - [2026-03-07T17:00:10.839+0000] {dagbag.py:538} INFO - Filling up the DagBag from /opt/airflow/dags/playlist_pipeline_dag.py
[2026-03-07T17:00:13.050+0000] {processor.py:840} INFO - DAG(s) 'playlist_pipeline' retrieved from /opt/airflow/dags/playlist_pipeline_dag.py
[2026-03-07T17:00:13.255+0000] {logging_mixin.py:188} INFO - [2026-03-07T17:00:13.249+0000] {dag.py:3036} INFO - Sync 1 DAGs
[2026-03-07T17:00:13.358+0000] {logging_mixin.py:188} INFO - [2026-03-07T17:00:13.357+0000] {dag.py:3823} INFO - Setting next_dagrun for playlist_pipeline to 2026-03-06 00:00:00+00:00, run_after=2026-03-07 00:00:00+00:00
[2026-03-07T17:00:13.458+0000] {processor.py:183} INFO - Processing /opt/airflow/dags/playlist_pipeline_dag.py took 2.638 seconds
[2026-03-07T17:00:44.596+0000] {processor.py:161} INFO - Started process (PID=79) to work on /opt/airflow/dags/playlist_pipeline_dag.py
[2026-03-07T17:00:44.600+0000] {processor.py:830} INFO - Processing file /opt/airflow/dags/playlist_pipeline_dag.py for tasks to queue
[2026-03-07T17:00:44.608+0000] {logging_mixin.py:188} INFO - [2026-03-07T17:00:44.602+0000] {dagbag.py:538} INFO - Filling up the DagBag from /opt/airflow/dags/playlist_pipeline_dag.py
[2026-03-07T17:00:46.816+0000] {processor.py:840} INFO - DAG(s) 'playlist_pipeline' retrieved from /opt/airflow/dags/playlist_pipeline_dag.py
[2026-03-07T17:00:46.896+0000] {logging_mixin.py:188} INFO - [2026-03-07T17:00:46.894+0000] {dag.py:3036} INFO - Sync 1 DAGs
[2026-03-07T17:00:46.965+0000] {logging_mixin.py:188} INFO - [2026-03-07T17:00:46.964+0000] {dag.py:3823} INFO - Setting next_dagrun for playlist_pipeline to 2026-03-06 00:00:00+00:00, run_after=2026-03-07 00:00:00+00:00
[2026-03-07T17:00:47.048+0000] {processor.py:183} INFO - Processing /opt/airflow/dags/playlist_pipeline_dag.py took 2.459 seconds
[2026-03-07T17:01:48.363+0000] {processor.py:161} INFO - Started process (PID=59) to work on /opt/airflow/dags/playlist_pipeline_dag.py
[2026-03-07T17:01:48.366+0000] {processor.py:830} INFO - Processing file /opt/airflow/dags/playlist_pipeline_dag.py for tasks to queue
[2026-03-07T17:01:48.372+0000] {logging_mixin.py:188} INFO - [2026-03-07T17:01:48.368+0000] {dagbag.py:538} INFO - Filling up the DagBag from /opt/airflow/dags/playlist_pipeline_dag.py
[2026-03-07T17:01:55.426+0000] {processor.py:840} INFO - DAG(s) 'playlist_pipeline' retrieved from /opt/airflow/dags/playlist_pipeline_dag.py
[2026-03-07T17:01:55.442+0000] {logging_mixin.py:188} INFO - [2026-03-07T17:01:55.441+0000] {dag.py:3036} INFO - Sync 1 DAGs
[2026-03-07T17:01:55.486+0000] {logging_mixin.py:188} INFO - [2026-03-07T17:01:55.486+0000] {dag.py:3823} INFO - Setting next_dagrun for playlist_pipeline to 2026-03-06 00:00:00+00:00, run_after=2026-03-07 00:00:00+00:00
[2026-03-07T17:01:55.569+0000] {processor.py:183} INFO - Processing /opt/airflow/dags/playlist_pipeline_dag.py took 7.212 seconds
[2026-03-07T17:02:26.053+0000] {processor.py:161} INFO - Started process (PID=70) to work on /opt/airflow/dags/playlist_pipeline_dag.py
[2026-03-07T17:02:26.061+0000] {processor.py:830} INFO - Processing file /opt/airflow/dags/playlist_pipeline_dag.py for tasks to queue
[2026-03-07T17:02:26.071+0000] {logging_mixin.py:188} INFO - [2026-03-07T17:02:26.064+0000] {dagbag.py:538} INFO - Filling up the DagBag from /opt/airflow/dags/playlist_pipeline_dag.py
[2026-03-07T17:02:29.333+0000] {processor.py:840} INFO - DAG(s) 'playlist_pipeline' retrieved from /opt/airflow/dags/playlist_pipeline_dag.py
[2026-03-07T17:02:29.942+0000] {logging_mixin.py:188} INFO - [2026-03-07T17:02:29.914+0000] {dag.py:3036} INFO - Sync 1 DAGs
[2026-03-07T17:02:30.107+0000] {logging_mixin.py:188} INFO - [2026-03-07T17:02:30.096+0000] {dag.py:3823} INFO - Setting next_dagrun for playlist_pipeline to 2026-03-06 00:00:00+00:00, run_after=2026-03-07 00:00:00+00:00
[2026-03-07T17:02:30.215+0000] {processor.py:183} INFO - Processing /opt/airflow/dags/playlist_pipeline_dag.py took 4.179 seconds
[2026-03-07T17:03:01.156+0000] {processor.py:161} INFO - Started process (PID=79) to work on /opt/airflow/dags/playlist_pipeline_dag.py
[2026-03-07T17:03:01.171+0000] {processor.py:830} INFO - Processing file /opt/airflow/dags/playlist_pipeline_dag.py for tasks to queue
[2026-03-07T17:03:01.192+0000] {logging_mixin.py:188} INFO - [2026-03-07T17:03:01.174+0000] {dagbag.py:538} INFO - Filling up the DagBag from /opt/airflow/dags/playlist_pipeline_dag.py
[2026-03-07T17:03:03.748+0000] {processor.py:840} INFO - DAG(s) 'playlist_pipeline' retrieved from /opt/airflow/dags/playlist_pipeline_dag.py
[2026-03-07T17:03:03.905+0000] {logging_mixin.py:188} INFO - [2026-03-07T17:03:03.897+0000] {dag.py:3036} INFO - Sync 1 DAGs
[2026-03-07T17:03:04.000+0000] {logging_mixin.py:188} INFO - [2026-03-07T17:03:03.998+0000] {dag.py:3823} INFO - Setting next_dagrun for playlist_pipeline to 2026-03-06 00:00:00+00:00, run_after=2026-03-07 00:00:00+00:00
[2026-03-07T17:03:04.159+0000] {processor.py:183} INFO - Processing /opt/airflow/dags/playlist_pipeline_dag.py took 3.038 seconds
[2026-03-07T17:04:04.970+0000] {processor.py:161} INFO - Started process (PID=81) to work on /opt/airflow/dags/playlist_pipeline_dag.py
[2026-03-07T17:04:04.974+0000] {processor.py:830} INFO - Processing file /opt/airflow/dags/playlist_pipeline_dag.py for tasks to queue
[2026-03-07T17:04:04.986+0000] {logging_mixin.py:188} INFO - [2026-03-07T17:04:04.979+0000] {dagbag.py:538} INFO - Filling up the DagBag from /opt/airflow/dags/playlist_pipeline_dag.py
[2026-03-07T17:04:08.820+0000] {processor.py:840} INFO - DAG(s) 'playlist_pipeline' retrieved from /opt/airflow/dags/playlist_pipeline_dag.py
[2026-03-07T17:04:08.929+0000] {logging_mixin.py:188} INFO - [2026-03-07T17:04:08.921+0000] {dag.py:3036} INFO - Sync 1 DAGs
[2026-03-07T17:04:09.096+0000] {logging_mixin.py:188} INFO - [2026-03-07T17:04:09.082+0000] {dag.py:3823} INFO - Setting next_dagrun for playlist_pipeline to 2026-03-06 00:00:00+00:00, run_after=2026-03-07 00:00:00+00:00
[2026-03-07T17:04:09.388+0000] {processor.py:183} INFO - Processing /opt/airflow/dags/playlist_pipeline_dag.py took 4.467 seconds
[2026-03-07T17:04:40.182+0000] {processor.py:161} INFO - Started process (PID=83) to work on /opt/airflow/dags/playlist_pipeline_dag.py
[2026-03-07T17:04:40.191+0000] {processor.py:830} INFO - Processing file /opt/airflow/dags/playlist_pipeline_dag.py for tasks to queue
[2026-03-07T17:04:40.207+0000] {logging_mixin.py:188} INFO - [2026-03-07T17:04:40.194+0000] {dagbag.py:538} INFO - Filling up the DagBag from /opt/airflow/dags/playlist_pipeline_dag.py
[2026-03-07T17:04:46.302+0000] {processor.py:840} INFO - DAG(s) 'playlist_pipeline' retrieved from /opt/airflow/dags/playlist_pipeline_dag.py
[2026-03-07T17:04:46.585+0000] {logging_mixin.py:188} INFO - [2026-03-07T17:04:46.567+0000] {dag.py:3036} INFO - Sync 1 DAGs
[2026-03-07T17:04:46.767+0000] {logging_mixin.py:188} INFO - [2026-03-07T17:04:46.745+0000] {dag.py:3823} INFO - Setting next_dagrun for playlist_pipeline to 2026-03-06 00:00:00+00:00, run_after=2026-03-07 00:00:00+00:00
[2026-03-07T17:04:48.019+0000] {processor.py:183} INFO - Processing /opt/airflow/dags/playlist_pipeline_dag.py took 7.851 seconds
[2026-03-07T17:05:23.004+0000] {processor.py:161} INFO - Started process (PID=85) to work on /opt/airflow/dags/playlist_pipeline_dag.py
[2026-03-07T17:05:23.030+0000] {processor.py:830} INFO - Processing file /opt/airflow/dags/playlist_pipeline_dag.py for tasks to queue
[2026-03-07T17:05:23.042+0000] {logging_mixin.py:188} INFO - [2026-03-07T17:05:23.034+0000] {dagbag.py:538} INFO - Filling up the DagBag from /opt/airflow/dags/playlist_pipeline_dag.py
[2026-03-07T17:57:50.934+0000] {processor.py:161} INFO - Started process (PID=52) to work on /opt/airflow/dags/playlist_pipeline_dag.py
[2026-03-07T17:57:50.939+0000] {processor.py:830} INFO - Processing file /opt/airflow/dags/playlist_pipeline_dag.py for tasks to queue
[2026-03-07T17:57:50.943+0000] {logging_mixin.py:188} INFO - [2026-03-07T17:57:50.941+0000] {dagbag.py:538} INFO - Filling up the DagBag from /opt/airflow/dags/playlist_pipeline_dag.py
[2026-03-07T17:57:52.009+0000] {processor.py:840} INFO - DAG(s) 'playlist_pipeline' retrieved from /opt/airflow/dags/playlist_pipeline_dag.py
[2026-03-07T17:57:52.030+0000] {logging_mixin.py:188} INFO - [2026-03-07T17:57:52.029+0000] {dag.py:3036} INFO - Sync 1 DAGs
[2026-03-07T17:57:52.050+0000] {logging_mixin.py:188} INFO - [2026-03-07T17:57:52.050+0000] {dag.py:3823} INFO - Setting next_dagrun for playlist_pipeline to None, run_after=None
[2026-03-07T17:57:52.134+0000] {processor.py:183} INFO - Processing /opt/airflow/dags/playlist_pipeline_dag.py took 1.211 seconds
[2026-03-07T17:58:23.538+0000] {processor.py:161} INFO - Started process (PID=68) to work on /opt/airflow/dags/playlist_pipeline_dag.py
[2026-03-07T17:58:23.544+0000] {processor.py:830} INFO - Processing file /opt/airflow/dags/playlist_pipeline_dag.py for tasks to queue
[2026-03-07T17:58:23.548+0000] {logging_mixin.py:188} INFO - [2026-03-07T17:58:23.546+0000] {dagbag.py:538} INFO - Filling up the DagBag from /opt/airflow/dags/playlist_pipeline_dag.py
[2026-03-07T17:58:25.625+0000] {processor.py:840} INFO - DAG(s) 'playlist_pipeline' retrieved from /opt/airflow/dags/playlist_pipeline_dag.py
[2026-03-07T17:58:25.836+0000] {logging_mixin.py:188} INFO - [2026-03-07T17:58:25.835+0000] {dag.py:3036} INFO - Sync 1 DAGs
[2026-03-07T17:58:25.860+0000] {logging_mixin.py:188} INFO - [2026-03-07T17:58:25.860+0000] {dag.py:3823} INFO - Setting next_dagrun for playlist_pipeline to None, run_after=None
[2026-03-07T17:58:25.961+0000] {processor.py:183} INFO - Processing /opt/airflow/dags/playlist_pipeline_dag.py took 2.442 seconds
[2026-03-07T17:58:56.338+0000] {processor.py:161} INFO - Started process (PID=98) to work on /opt/airflow/dags/playlist_pipeline_dag.py
[2026-03-07T17:58:56.344+0000] {processor.py:830} INFO - Processing file /opt/airflow/dags/playlist_pipeline_dag.py for tasks to queue
[2026-03-07T17:58:56.348+0000] {logging_mixin.py:188} INFO - [2026-03-07T17:58:56.347+0000] {dagbag.py:538} INFO - Filling up the DagBag from /opt/airflow/dags/playlist_pipeline_dag.py
[2026-03-07T17:58:57.320+0000] {processor.py:840} INFO - DAG(s) 'playlist_pipeline' retrieved from /opt/airflow/dags/playlist_pipeline_dag.py
[2026-03-07T17:58:57.360+0000] {logging_mixin.py:188} INFO - [2026-03-07T17:58:57.359+0000] {dag.py:3036} INFO - Sync 1 DAGs
[2026-03-07T17:58:57.387+0000] {logging_mixin.py:188} INFO - [2026-03-07T17:58:57.386+0000] {dag.py:3823} INFO - Setting next_dagrun for playlist_pipeline to None, run_after=None
[2026-03-07T17:58:57.484+0000] {processor.py:183} INFO - Processing /opt/airflow/dags/playlist_pipeline_dag.py took 1.153 seconds
[2026-03-07T17:59:28.560+0000] {processor.py:161} INFO - Started process (PID=141) to work on /opt/airflow/dags/playlist_pipeline_dag.py
[2026-03-07T17:59:28.563+0000] {processor.py:830} INFO - Processing file /opt/airflow/dags/playlist_pipeline_dag.py for tasks to queue
[2026-03-07T17:59:28.565+0000] {logging_mixin.py:188} INFO - [2026-03-07T17:59:28.565+0000] {dagbag.py:538} INFO - Filling up the DagBag from /opt/airflow/dags/playlist_pipeline_dag.py
[2026-03-07T17:59:29.410+0000] {processor.py:840} INFO - DAG(s) 'playlist_pipeline' retrieved from /opt/airflow/dags/playlist_pipeline_dag.py
[2026-03-07T17:59:29.461+0000] {logging_mixin.py:188} INFO - [2026-03-07T17:59:29.460+0000] {dag.py:3036} INFO - Sync 1 DAGs
[2026-03-07T17:59:29.489+0000] {logging_mixin.py:188} INFO - [2026-03-07T17:59:29.488+0000] {dag.py:3823} INFO - Setting next_dagrun for playlist_pipeline to None, run_after=None
[2026-03-07T17:59:29.626+0000] {processor.py:183} INFO - Processing /opt/airflow/dags/playlist_pipeline_dag.py took 1.074 seconds
[2026-03-07T17:59:59.952+0000] {processor.py:161} INFO - Started process (PID=165) to work on /opt/airflow/dags/playlist_pipeline_dag.py
[2026-03-07T17:59:59.954+0000] {processor.py:830} INFO - Processing file /opt/airflow/dags/playlist_pipeline_dag.py for tasks to queue
[2026-03-07T17:59:59.959+0000] {logging_mixin.py:188} INFO - [2026-03-07T17:59:59.958+0000] {dagbag.py:538} INFO - Filling up the DagBag from /opt/airflow/dags/playlist_pipeline_dag.py
[2026-03-07T18:00:01.035+0000] {processor.py:840} INFO - DAG(s) 'playlist_pipeline' retrieved from /opt/airflow/dags/playlist_pipeline_dag.py
[2026-03-07T18:00:01.074+0000] {logging_mixin.py:188} INFO - [2026-03-07T18:00:01.073+0000] {dag.py:3036} INFO - Sync 1 DAGs
[2026-03-07T18:00:01.093+0000] {logging_mixin.py:188} INFO - [2026-03-07T18:00:01.093+0000] {dag.py:3823} INFO - Setting next_dagrun for playlist_pipeline to None, run_after=None
[2026-03-07T18:00:01.190+0000] {processor.py:183} INFO - Processing /opt/airflow/dags/playlist_pipeline_dag.py took 1.245 seconds
[2026-03-07T18:00:31.853+0000] {processor.py:161} INFO - Started process (PID=167) to work on /opt/airflow/dags/playlist_pipeline_dag.py
[2026-03-07T18:00:31.858+0000] {processor.py:830} INFO - Processing file /opt/airflow/dags/playlist_pipeline_dag.py for tasks to queue
[2026-03-07T18:00:31.863+0000] {logging_mixin.py:188} INFO - [2026-03-07T18:00:31.861+0000] {dagbag.py:538} INFO - Filling up the DagBag from /opt/airflow/dags/playlist_pipeline_dag.py
[2026-03-07T18:00:32.918+0000] {processor.py:840} INFO - DAG(s) 'playlist_pipeline' retrieved from /opt/airflow/dags/playlist_pipeline_dag.py
[2026-03-07T18:00:32.964+0000] {logging_mixin.py:188} INFO - [2026-03-07T18:00:32.964+0000] {dag.py:3036} INFO - Sync 1 DAGs
[2026-03-07T18:00:32.984+0000] {logging_mixin.py:188} INFO - [2026-03-07T18:00:32.984+0000] {dag.py:3823} INFO - Setting next_dagrun for playlist_pipeline to None, run_after=None
[2026-03-07T18:00:33.128+0000] {processor.py:183} INFO - Processing /opt/airflow/dags/playlist_pipeline_dag.py took 1.287 seconds
[2026-03-07T18:01:03.756+0000] {processor.py:161} INFO - Started process (PID=169) to work on /opt/airflow/dags/playlist_pipeline_dag.py
[2026-03-07T18:01:03.760+0000] {processor.py:830} INFO - Processing file /opt/airflow/dags/playlist_pipeline_dag.py for tasks to queue
[2026-03-07T18:01:03.762+0000] {logging_mixin.py:188} INFO - [2026-03-07T18:01:03.762+0000] {dagbag.py:538} INFO - Filling up the DagBag from /opt/airflow/dags/playlist_pipeline_dag.py
[2026-03-07T18:01:04.641+0000] {processor.py:840} INFO - DAG(s) 'playlist_pipeline' retrieved from /opt/airflow/dags/playlist_pipeline_dag.py
[2026-03-07T18:01:04.695+0000] {logging_mixin.py:188} INFO - [2026-03-07T18:01:04.692+0000] {dag.py:3036} INFO - Sync 1 DAGs
[2026-03-07T18:01:04.719+0000] {logging_mixin.py:188} INFO - [2026-03-07T18:01:04.719+0000] {dag.py:3823} INFO - Setting next_dagrun for playlist_pipeline to None, run_after=None
[2026-03-07T18:01:04.802+0000] {processor.py:183} INFO - Processing /opt/airflow/dags/playlist_pipeline_dag.py took 1.053 seconds
[2026-03-07T18:01:35.398+0000] {processor.py:161} INFO - Started process (PID=171) to work on /opt/airflow/dags/playlist_pipeline_dag.py
[2026-03-07T18:01:35.405+0000] {processor.py:830} INFO - Processing file /opt/airflow/dags/playlist_pipeline_dag.py for tasks to queue
[2026-03-07T18:01:35.413+0000] {logging_mixin.py:188} INFO - [2026-03-07T18:01:35.408+0000] {dagbag.py:538} INFO - Filling up the DagBag from /opt/airflow/dags/playlist_pipeline_dag.py
[2026-03-07T18:01:36.503+0000] {processor.py:840} INFO - DAG(s) 'playlist_pipeline' retrieved from /opt/airflow/dags/playlist_pipeline_dag.py
[2026-03-07T18:01:36.599+0000] {logging_mixin.py:188} INFO - [2026-03-07T18:01:36.597+0000] {dag.py:3036} INFO - Sync 1 DAGs
[2026-03-07T18:01:36.656+0000] {logging_mixin.py:188} INFO - [2026-03-07T18:01:36.656+0000] {dag.py:3823} INFO - Setting next_dagrun for playlist_pipeline to None, run_after=None
[2026-03-07T18:01:36.776+0000] {processor.py:183} INFO - Processing /opt/airflow/dags/playlist_pipeline_dag.py took 1.390 seconds
[2026-03-07T18:02:07.298+0000] {processor.py:161} INFO - Started process (PID=182) to work on /opt/airflow/dags/playlist_pipeline_dag.py
[2026-03-07T18:02:07.303+0000] {processor.py:830} INFO - Processing file /opt/airflow/dags/playlist_pipeline_dag.py for tasks to queue
[2026-03-07T18:02:07.307+0000] {logging_mixin.py:188} INFO - [2026-03-07T18:02:07.306+0000] {dagbag.py:538} INFO - Filling up the DagBag from /opt/airflow/dags/playlist_pipeline_dag.py
[2026-03-07T18:02:08.419+0000] {processor.py:840} INFO - DAG(s) 'playlist_pipeline' retrieved from /opt/airflow/dags/playlist_pipeline_dag.py
[2026-03-07T18:02:08.460+0000] {logging_mixin.py:188} INFO - [2026-03-07T18:02:08.459+0000] {dag.py:3036} INFO - Sync 1 DAGs
[2026-03-07T18:02:08.486+0000] {logging_mixin.py:188} INFO - [2026-03-07T18:02:08.486+0000] {dag.py:3823} INFO - Setting next_dagrun for playlist_pipeline to None, run_after=None
[2026-03-07T18:02:08.586+0000] {processor.py:183} INFO - Processing /opt/airflow/dags/playlist_pipeline_dag.py took 1.304 seconds
[2026-03-07T18:02:39.335+0000] {processor.py:161} INFO - Started process (PID=198) to work on /opt/airflow/dags/playlist_pipeline_dag.py
[2026-03-07T18:02:39.337+0000] {processor.py:830} INFO - Processing file /opt/airflow/dags/playlist_pipeline_dag.py for tasks to queue
[2026-03-07T18:02:39.340+0000] {logging_mixin.py:188} INFO - [2026-03-07T18:02:39.339+0000] {dagbag.py:538} INFO - Filling up the DagBag from /opt/airflow/dags/playlist_pipeline_dag.py
[2026-03-07T18:02:40.073+0000] {processor.py:840} INFO - DAG(s) 'playlist_pipeline' retrieved from /opt/airflow/dags/playlist_pipeline_dag.py
[2026-03-07T18:02:40.109+0000] {logging_mixin.py:188} INFO - [2026-03-07T18:02:40.108+0000] {dag.py:3036} INFO - Sync 1 DAGs
[2026-03-07T18:02:40.131+0000] {logging_mixin.py:188} INFO - [2026-03-07T18:02:40.130+0000] {dag.py:3823} INFO - Setting next_dagrun for playlist_pipeline to None, run_after=None
[2026-03-07T18:02:40.260+0000] {processor.py:183} INFO - Processing /opt/airflow/dags/playlist_pipeline_dag.py took 0.930 seconds
[2026-03-07T18:03:05.851+0000] {processor.py:161} INFO - Started process (PID=43) to work on /opt/airflow/dags/playlist_pipeline_dag.py
[2026-03-07T18:03:05.871+0000] {processor.py:830} INFO - Processing file /opt/airflow/dags/playlist_pipeline_dag.py for tasks to queue
[2026-03-07T18:03:05.890+0000] {logging_mixin.py:188} INFO - [2026-03-07T18:03:05.881+0000] {dagbag.py:538} INFO - Filling up the DagBag from /opt/airflow/dags/playlist_pipeline_dag.py
[2026-03-07T18:03:08.545+0000] {processor.py:840} INFO - DAG(s) 'playlist_pipeline' retrieved from /opt/airflow/dags/playlist_pipeline_dag.py
[2026-03-07T18:03:08.889+0000] {logging_mixin.py:188} INFO - [2026-03-07T18:03:08.888+0000] {dag.py:3036} INFO - Sync 1 DAGs
[2026-03-07T18:03:09.129+0000] {logging_mixin.py:188} INFO - [2026-03-07T18:03:09.128+0000] {dag.py:3823} INFO - Setting next_dagrun for playlist_pipeline to None, run_after=None
[2026-03-07T18:03:09.433+0000] {processor.py:183} INFO - Processing /opt/airflow/dags/playlist_pipeline_dag.py took 3.662 seconds
[2026-03-07T18:03:39.757+0000] {processor.py:161} INFO - Started process (PID=66) to work on /opt/airflow/dags/playlist_pipeline_dag.py
[2026-03-07T18:03:39.763+0000] {processor.py:830} INFO - Processing file /opt/airflow/dags/playlist_pipeline_dag.py for tasks to queue
[2026-03-07T18:03:39.768+0000] {logging_mixin.py:188} INFO - [2026-03-07T18:03:39.766+0000] {dagbag.py:538} INFO - Filling up the DagBag from /opt/airflow/dags/playlist_pipeline_dag.py
[2026-03-07T18:03:41.280+0000] {processor.py:840} INFO - DAG(s) 'playlist_pipeline' retrieved from /opt/airflow/dags/playlist_pipeline_dag.py
[2026-03-07T18:03:41.355+0000] {logging_mixin.py:188} INFO - [2026-03-07T18:03:41.352+0000] {dag.py:3036} INFO - Sync 1 DAGs
[2026-03-07T18:03:41.438+0000] {logging_mixin.py:188} INFO - [2026-03-07T18:03:41.437+0000] {dag.py:3823} INFO - Setting next_dagrun for playlist_pipeline to None, run_after=None
[2026-03-07T18:03:41.691+0000] {processor.py:183} INFO - Processing /opt/airflow/dags/playlist_pipeline_dag.py took 1.964 seconds
[2026-03-07T18:04:12.975+0000] {processor.py:161} INFO - Started process (PID=69) to work on /opt/airflow/dags/playlist_pipeline_dag.py
[2026-03-07T18:04:12.978+0000] {processor.py:830} INFO - Processing file /opt/airflow/dags/playlist_pipeline_dag.py for tasks to queue
[2026-03-07T18:04:12.981+0000] {logging_mixin.py:188} INFO - [2026-03-07T18:04:12.980+0000] {dagbag.py:538} INFO - Filling up the DagBag from /opt/airflow/dags/playlist_pipeline_dag.py
[2026-03-07T18:04:13.547+0000] {processor.py:840} INFO - DAG(s) 'playlist_pipeline' retrieved from /opt/airflow/dags/playlist_pipeline_dag.py
[2026-03-07T18:04:13.852+0000] {logging_mixin.py:188} INFO - [2026-03-07T18:04:13.851+0000] {dag.py:3036} INFO - Sync 1 DAGs
[2026-03-07T18:04:13.876+0000] {logging_mixin.py:188} INFO - [2026-03-07T18:04:13.876+0000] {dag.py:3823} INFO - Setting next_dagrun for playlist_pipeline to None, run_after=None
[2026-03-07T18:04:13.995+0000] {processor.py:183} INFO - Processing /opt/airflow/dags/playlist_pipeline_dag.py took 1.026 seconds
[2026-03-07T18:04:44.981+0000] {processor.py:161} INFO - Started process (PID=71) to work on /opt/airflow/dags/playlist_pipeline_dag.py
[2026-03-07T18:04:44.983+0000] {processor.py:830} INFO - Processing file /opt/airflow/dags/playlist_pipeline_dag.py for tasks to queue
[2026-03-07T18:04:44.985+0000] {logging_mixin.py:188} INFO - [2026-03-07T18:04:44.985+0000] {dagbag.py:538} INFO - Filling up the DagBag from /opt/airflow/dags/playlist_pipeline_dag.py
[2026-03-07T18:04:45.780+0000] {processor.py:840} INFO - DAG(s) 'playlist_pipeline' retrieved from /opt/airflow/dags/playlist_pipeline_dag.py
[2026-03-07T18:04:45.858+0000] {logging_mixin.py:188} INFO - [2026-03-07T18:04:45.856+0000] {dag.py:3036} INFO - Sync 1 DAGs
[2026-03-07T18:04:45.901+0000] {logging_mixin.py:188} INFO - [2026-03-07T18:04:45.900+0000] {dag.py:3823} INFO - Setting next_dagrun for playlist_pipeline to None, run_after=None
[2026-03-07T18:04:46.049+0000] {processor.py:183} INFO - Processing /opt/airflow/dags/playlist_pipeline_dag.py took 1.075 seconds
